"Protein","Job","Unique_Pep_count","Pep_count","Ion_127.125","Ion_127.131","Ion_128.128","Ion_128.134","Ion_129.131","Ion_129.138","Protein_Collection_ID","Protein_Collection","Description","Reference_ID","Residue_Count","Monoisotopic_Mass","Protein_ID","Count_ABP","Count_Comp","obs.x","obs.y","obs.tot","mean.x","mean.y","mean.diff","var.x","var.y","stderr","df","statistic","pvalue","conf.low","conf.high","alternative","mean.null","conf.level","Log2FC"
"sp|D3ZQL7|TPPP_RAT",2044576,5,5,15.4102555647145,15.3523532000594,16.0761392215894,15.6752686790755,15.7944448052552,15.7646823113427,3660,"Rattus_norvegicus_UniProt_2020-06-29","Tubulin polymerization-promoting protein OS=Rattus norvegicus (R",143078509,218,23532.140625,224927,3,3,3,3,6,15.6129159954544,15.7447985985578,-0.13188260310335,0.161769988881302,0.00384725878837894,0.234959037330397,2.09507533623565,-0.561300406240163,0.685584576577275,-0.797191457078981,Inf,"greater",0,0.95,-0.13188260310335
"sp|D3ZWZ9|GP107_RAT",2044576,1,1,14.428041472554,15.5371022041099,14.926161031756,15.8039905191679,14.9532052079378,15.557419085283,3660,"Rattus_norvegicus_UniProt_2020-06-29","Protein GPR107 OS=Rattus norvegicus (Rat) OX=10116 GN=Gpr107 PE=",143078561,551,61962.4140625,5673553,3,3,3,3,6,14.96376823614,15.4382049374629,-0.474436701322919,0.308564652935973,0.191617921231601,0.408322819252763,3.79266910718669,-1.16191571705727,0.843433801930637,-1.35877245454719,Inf,"greater",0,0.95,-0.474436701322919
"sp|D4ABB8|ATP9B_RAT",2044576,1,1,12.3553703689398,12.9032689020289,12.9770960140321,12.7728435046582,13.1797784953291,13.1172636484052,3660,"Rattus_norvegicus_UniProt_2020-06-29","Probable phospholipid-transporting ATPase IIB OS=Rattus norvegic",143078639,1147,129095.1328125,212857,3,3,3,3,6,12.7452450950003,13.0232952161308,-0.278050121130564,0.115364337132244,0.0480215713561489,0.233370883993979,3.41914215326022,-1.19145163429101,0.845218056756828,-0.800867456020263,Inf,"greater",0,0.95,-0.278050121130564
"sp|D4AEC2|CAMP2_RAT",2044576,1,2,13.7239467249966,12.5023942782762,12.690269375039,13.5143090951076,13.7418229814093,13.5903250070284,3660,"Rattus_norvegicus_UniProt_2020-06-29","Calmodulin-regulated spectrin-associated protein 2 OS=Rattus nor",143078660,1470,165508.453125,7282472,3,3,3,3,6,12.9722034594373,13.6154856945151,-0.643282235077786,0.43266271598128,0.0134154372611266,0.385606947224073,2.12390762001732,-1.66823300178765,0.885036321080278,-1.7257061885574,Inf,"greater",0,0.95,-0.643282235077786
"sp|G3V9D0|PGLT1_RAT",2044576,1,1,12.4676946969163,12.8722629399528,11.7981460820506,12.2111845204813,12.2535609261882,12.609850694741,3660,"Rattus_norvegicus_UniProt_2020-06-29","Protein O-glucosyltransferase 1 OS=Rattus norvegicus (Rat) OX=10",143078743,392,46479.609397815,19344617,3,3,3,3,6,12.3793679063066,12.3581987138035,0.0211691925030753,0.294282972561933,0.0479454795724819,0.337751610967989,2.63484103183955,0.062676806906723,0.477234278816234,-0.820666556630348,Inf,"greater",0,0.95,0.0211691925030753
"sp|O35095|NCDN_RAT",2044576,1,1,NA,12.1384809566701,11.6061311246216,11.2274105401379,12.1527094747462,11.8387165525114,3660,"Rattus_norvegicus_UniProt_2020-06-29","Neurochondrin OS=Rattus norvegicus (Rat) OX=10116 GN=Ncdn PE=1 S",143078850,729,78872.671875,5657776,2,3,2,3,5,11.8723060406458,11.7396121891318,0.132693851514004,0.141698171840997,0.221410785727433,0.380332329894496,2.70233585750596,0.348889224197199,0.376279448412748,-0.804026305800623,Inf,"greater",0,0.95,0.132693851514004
"sp|O35179|SH3G2_RAT",2044576,4,4,15.055796321025,15.1942841136042,15.3182941021386,15.3481318569137,15.3836509733244,15.3741195430244,3660,"Rattus_norvegicus_UniProt_2020-06-29","Endophilin-A1 OS=Rattus norvegicus (Rat) OX=10116 GN=Sh3gl2 PE=1",143078864,352,39874.04218714,19347117,3,3,3,3,6,15.1894581789226,15.3686341244208,-0.179175945498237,0.0172437385065531,0.000337969270590248,0.0765543549319552,2.07836803885414,-2.34050624105573,0.930324645501107,-0.397070135805567,Inf,"greater",0,0.95,-0.179175945498237
"sp|O35814|STIP1_RAT",2044576,1,1,13.8851310418179,13.2682605819549,13.293365930694,13.8233818490852,14.0741540093269,13.9872230035396,3660,"Rattus_norvegicus_UniProt_2020-06-29","Stress-induced-phosphoprotein 1 OS=Rattus norvegicus (Rat) OX=10",143078932,543,62530.39453125,218292,3,3,3,3,6,13.4822525181556,13.9615862873172,-0.479333769161672,0.12189089825506,0.016214600002071,0.214558071593008,2.52284983579127,-2.23405144165777,0.935856854512859,-1.0256824807732,Inf,"greater",0,0.95,-0.479333769161672
"sp|O88387|FGD4_RAT",2044576,1,1,11.9898202201176,NA,11.0623982018251,11.5605588801538,11.7966237090365,12.421707467797,3660,"Rattus_norvegicus_UniProt_2020-06-29","FYVE, RhoGEF and PH domain-containing protein 4 OS=Rattus norveg",143079120,766,86399.046875,216917,2,3,2,3,5,11.5261092109713,11.9262966856624,-0.400187474691108,0.430055800006888,0.198005533150262,0.53012238623441,1.63126143295731,-0.754896388235439,0.727978529843352,-2.21526954032928,Inf,"greater",0,0.95,-0.400187474691108
"sp|O88600|HSP74_RAT",2044576,1,1,12.549146911619,13.0365421663075,13.0137842412513,12.5480765274995,12.9114275678899,13.0324105758421,3660,"Rattus_norvegicus_UniProt_2020-06-29","Heat shock 70 kDa protein 4 OS=Rattus norvegicus (Rat) OX=10116",143079148,840,93997.1328125,230421,3,3,3,3,6,12.8664911063926,12.8306382237438,0.0358528826487774,0.0756599842555921,0.06354005619165,0.215406623580646,3.96990450977523,0.166442805020592,0.437970681311157,-0.424363102422114,Inf,"greater",0,0.95,0.0358528826487774
"sp|O88767|PARK7_RAT",2044576,1,1,11.8727210457733,12.6832531815805,12.8252851113495,12.6949274514734,13.1634122469862,12.1088229643275,3660,"Rattus_norvegicus_UniProt_2020-06-29","Parkinson disease protein 7 homolog OS=Rattus norvegicus (Rat) O",143079166,189,19961.42578125,218150,3,3,3,3,6,12.4604197795677,12.6557208875957,-0.195301108027992,0.264085618546194,0.279192504762965,0.425549888696636,3.99690949254244,-0.458938219032687,0.664936494457594,-1.10270985653322,Inf,"greater",0,0.95,-0.195301108027992
"sp|O88989|MDHC_RAT",2044576,6,6,16.3937281305754,16.0925842529337,16.5867201925541,16.5129999084449,17.1161138508993,16.5631006769784,3660,"Rattus_norvegicus_UniProt_2020-06-29","Malate dehydrogenase, cytoplasmic OS=Rattus norvegicus (Rat) OX=",143079202,334,36460.046875,213704,3,3,3,3,6,16.3576775253544,16.7307381454409,-0.373060620086481,0.0620173163087424,0.112013347520109,0.240853111410843,3.69504274211608,-1.54891343483672,0.898957290721193,-0.898943619954822,Inf,"greater",0,0.95,-0.373060620086481
"sp|P00507|AATM_RAT",2044576,1,1,12.1685279667695,12.4511406089068,11.8648192885756,12.700890760856,13.1352379287318,12.8176046701085,3660,"Rattus_norvegicus_UniProt_2020-06-29","Aspartate aminotransferase, mitochondrial OS=Rattus norvegicus (",143079224,430,47284.09765625,217690,3,3,3,3,6,12.1614959547506,12.8845777865654,-0.723081831814801,0.0859802595635197,0.0505284143064063,0.213314067257589,3.7472616133409,-3.38975221423928,0.984769257241423,-1.18679200179774,Inf,"greater",0,0.95,-0.723081831814801
"sp|P00564|KCRM_RAT",2044576,1,1,15.8526046071779,15.9280757595274,15.7222840007201,15.8596982638638,16.1019510569704,16.0825967469184,3660,"Rattus_norvegicus_UniProt_2020-06-29","Creatine kinase M-type OS=Rattus norvegicus (Rat) OX=10116 GN=Ck",143079226,381,43017.796875,105218,3,3,3,3,6,15.8343214558085,16.0147486892509,-0.18042723344236,0.0108382672162468,0.0181241231389223,0.0982554330222492,3.76193082973317,-1.83630795664504,0.927643288324053,-0.393760077407624,Inf,"greater",0,0.95,-0.18042723344236
"sp|P00884|ALDOB_RAT",2044576,1,1,13.5686081345399,13.8398522863183,13.2440315106045,14.5371399879622,14.5586855736957,13.6436260409054,3660,"Rattus_norvegicus_UniProt_2020-06-29","Fructose-bisphosphate aldolase B OS=Rattus norvegicus (Rat) OX=1",143079241,364,39593.21484375,5203349,3,3,3,3,6,13.5508306438209,14.2464838675211,-0.695653223700205,0.0889876285752447,0.272694222399967,0.34721839955817,3.17968574842357,-2.00350334137077,0.933167594412716,-1.49429856973109,Inf,"greater",0,0.95,-0.695653223700205
"sp|P02091|HBB1_RAT",2044576,5,11,17.1717706297156,16.7140707796859,16.6320459391419,17.0258242710988,17.3163126483625,16.907704694617,3660,"Rattus_norvegicus_UniProt_2020-06-29","Hemoglobin subunit beta-1 OS=Rattus norvegicus (Rat) OX=10116 GN",143079275,147,15969.248046875,5197304,3,3,3,3,6,16.8392957828478,17.0832805380261,-0.243984755178314,0.0845866614663876,0.0442160319229427,0.207205770020472,3.6421965429661,-1.17749981168096,0.844916334110434,-0.698483821502907,Inf,"greater",0,0.95,-0.243984755178314
"sp|P02466|CO1A2_RAT",2044576,2,2,11.3725059736758,15.3964875765557,14.417377977061,12.0920505599771,13.0051595980811,12.3626591948831,3660,"Rattus_norvegicus_UniProt_2020-06-29","Collagen alpha-2(I) chain OS=Rattus norvegicus (Rat) OX=10116 GN",143079280,1372,129485.609375,211151,3,3,3,3,6,13.7287905090975,12.4866231176471,1.2421673914504,4.40372151085641,0.219967319477059,1.24146268977813,2.19930402839567,1.00056763822068,0.207074936244368,-2.16849595624073,Inf,"greater",0,0.95,1.2421673914504
"sp|P02688|MBP_RAT",2044576,3,3,14.1851859412967,13.8244775492737,14.6478306637034,14.7296481877834,14.8982244161295,14.7054142533002,3660,"Rattus_norvegicus_UniProt_2020-06-29","Myelin basic protein OS=Rattus norvegicus (Rat) OX=10116 GN=Mbp",143079298,195,21488.966796875,219721,3,3,3,3,6,14.2191647180913,14.7777622857377,-0.558597567646451,0.170343505714616,0.011030164539026,0.245881862048723,2.25792845812576,-2.27181282503775,0.931773159199861,-1.22364789650331,Inf,"greater",0,0.95,-0.558597567646451
"sp|P02770|ALBU_RAT",2044576,4,5,15.1836249147634,15.1308000322785,15.8919709823572,15.986059465976,16.5132438308649,16.4511899488583,3660,"Rattus_norvegicus_UniProt_2020-06-29","Albumin OS=Rattus norvegicus (Rat) OX=10116 GN=Alb PE=1 SV=2",143079306,608,68686.0703125,5195985,3,3,3,3,6,15.4021319764664,16.3168310818997,-0.914699105433334,0.180654305821497,0.0830200674936292,0.29646493514699,3.51769025604009,-3.08535343304536,0.978188783821253,-1.5724561427978,Inf,"greater",0,0.95,-0.914699105433334
"sp|P04636|MDHM_RAT",2044576,4,5,16.3571816960675,16.0838900509867,15.6599265293799,16.2229040750431,16.301510841921,16.2893403895341,3660,"Rattus_norvegicus_UniProt_2020-06-29","Malate dehydrogenase, mitochondrial OS=Rattus norvegicus (Rat) O",143079343,338,35660.8125,245974,3,3,3,3,6,16.0336660921447,16.2712517688327,-0.237585676688038,0.123433026399462,0.00179015459891039,0.204306290487569,2.05799997593056,-1.16288967961314,0.819011008253486,-0.822847885225167,Inf,"greater",0,0.95,-0.237585676688038
"sp|P04642|LDHA_RAT",2044576,4,4,16.7419142041558,16.7491235431583,16.6516096632227,16.409917753449,17.1691075205526,16.871513536894,3660,"Rattus_norvegicus_UniProt_2020-06-29","L-lactate dehydrogenase A chain OS=Rattus norvegicus (Rat) OX=10",143079347,332,36427.34375,213426,3,3,3,3,6,16.7142158035122,16.8168462702985,-0.102630466786295,0.00295264024368278,0.146333658146454,0.223074201698401,2.08067695875927,-0.460073222295117,0.655456966825055,-0.737102431329916,Inf,"greater",0,0.95,-0.102630466786295
"sp|P04905|GSTM1_RAT",2044576,2,2,14.836294006306,15.130451758828,15.2240309675641,14.8099836712783,16.2524813884036,15.8821872982313,3660,"Rattus_norvegicus_UniProt_2020-06-29","Glutathione S-transferase Mu 1 OS=Rattus norvegicus (Rat) OX=101",143079366,218,25897.109375,5197416,3,3,3,3,6,15.0635922442327,15.6482174526377,-0.584625208404999,0.0409376338003574,0.56125633246321,0.448030492363919,2.29021315296982,-1.30487816871654,0.8462033476936,-1.78653525986336,Inf,"greater",0,0.95,-0.584625208404999
"sp|P04906|GSTP1_RAT",2044576,1,1,13.4941468101997,13.8871990115618,13.1192074946997,13.2421550516372,14.4339159557038,14.1540027438234,3660,"Rattus_norvegicus_UniProt_2020-06-29","Glutathione S-transferase P OS=Rattus norvegicus (Rat) OX=10116",143079367,210,23424.06640625,5197357,3,3,3,3,6,13.5001844388204,13.9433579170548,-0.443173478234408,0.147480082212566,0.388351945398672,0.422623562843357,3.32757653538072,-1.04862463240997,0.817769077788564,-1.39908666862174,Inf,"greater",0,0.95,-0.443173478234408
"sp|P05065|ALDOA_RAT",2044576,12,17,17.1381669865544,16.7277605053625,16.8252308158637,17.2799968530524,17.7416296570016,17.343719450978,3660,"Rattus_norvegicus_UniProt_2020-06-29","Fructose-bisphosphate aldolase A OS=Rattus norvegicus (Rat) OX=1",143079373,364,39327.27734375,5197446,3,3,3,3,6,16.8970527692602,17.455115320344,-0.558062551083829,0.0459771646933388,0.0625829912043536,0.190228070043735,3.90854752301394,-2.93364986016799,0.97805501550628,-0.966341397839293,Inf,"greater",0,0.95,-0.558062551083829
"sp|P06686|AT1A2_RAT",2044576,2,2,13.3722406819745,12.8010911272271,14.1407019139805,14.1063476938139,14.075605329646,13.9132592661183,3660,"Rattus_norvegicus_UniProt_2020-06-29","Sodium/potassium-transporting ATPase subunit alpha-2 OS=Rattus n",143079418,1020,112145.46875,124957,3,3,3,3,6,13.4380112410607,14.0317374298594,-0.59372618879871,0.451883589828379,0.0107640797012501,0.392703310201493,2.09522784813408,-1.51189504487262,0.867884029911481,-1.70565097195087,Inf,"greater",0,0.95,-0.59372618879871
"sp|P07323|ENOG_RAT",2044576,7,7,15.8079118260698,15.4408345300181,15.594830609596,15.5954581624257,15.8712543287568,16.0145182159185,3660,"Rattus_norvegicus_UniProt_2020-06-29","Gamma-enolase OS=Rattus norvegicus (Rat) OX=10116 GN=Eno2 PE=1 S",143079444,434,47110.9140625,5197535,3,3,3,3,6,15.614525655228,15.827076902367,-0.212551247139034,0.0339773564359906,0.0453665658601524,0.162628331168694,3.91924630851512,-1.30697551657562,0.868685778771636,-0.561312631902517,Inf,"greater",0,0.95,-0.212551247139034
"sp|P07335|KCRB_RAT",2044576,12,16,17.2709735294006,17.07372707261,16.8511886249166,17.1513306193232,18.3488096596348,17.4362439293419,3660,"Rattus_norvegicus_UniProt_2020-06-29","Creatine kinase B-type OS=Rattus norvegicus (Rat) OX=10116 GN=Ck",143079445,381,42698.27734375,5203325,3,3,3,3,6,17.0652964089757,17.6454614027666,-0.58016499379092,0.0441081485751606,0.391317976386036,0.380975119468099,2.44521114177355,-1.52284221237576,0.877596426918998,-1.56606783846912,Inf,"greater",0,0.95,-0.58016499379092
"sp|P07872|ACOX1_RAT",2044576,1,3,18.4277576834593,15.2982992061937,11.46471005214,15.8625193572213,14.1698952580739,14.2686044812337,3660,"Rattus_norvegicus_UniProt_2020-06-29","Peroxisomal acyl-coenzyme A oxidase 1 OS=Rattus norvegicus (Rat)",143079468,661,74631.2890625,217870,3,3,3,3,6,15.0635889805977,14.7670063655096,0.296582615088068,12.1623247465047,0.90254741394104,2.08685346558287,2.29520816742464,0.142119521077744,0.449250441510679,-5.29474825670274,Inf,"greater",0,0.95,0.296582615088068
"sp|P09117|ALDOC_RAT",2044576,2,2,12.4436791656321,12.8315679026958,12.3040529671597,13.2260509497339,13.0670578394828,13.508778720631,3660,"Rattus_norvegicus_UniProt_2020-06-29","Fructose-bisphosphate aldolase C OS=Rattus norvegicus (Rat) OX=1",143079531,363,39259.19140625,5197447,3,3,3,3,6,12.5264333451625,13.2672958366159,-0.740862491453356,0.0747041924757293,0.0500551897310321,0.203927586990057,3.8497265831602,-3.63296845899265,0.988198819575794,-1.18052685441189,Inf,"greater",0,0.95,-0.740862491453356
"sp|P09951|SYN1_RAT",2044576,3,3,14.3637980233812,14.5334527991955,14.9299412745172,15.0050616291567,15.0690045209021,15.2853158039576,3660,"Rattus_norvegicus_UniProt_2020-06-29","Synapsin-1 OS=Rattus norvegicus (Rat) OX=10116 GN=Syn1 PE=1 SV=3",143079565,704,73942.59375,211774,3,3,3,3,6,14.6090640323646,15.1197939846721,-0.510729952307486,0.0844173391377452,0.0215702778458749,0.187960649235968,2.95943626487952,-2.7172174302628,0.963093420200495,-0.9555523911551,Inf,"greater",0,0.95,-0.510729952307486
"sp|P10111|PPIA_RAT",2044576,1,1,13.0976470057529,12.5354947099501,12.4754400185655,12.6184807361585,12.991321654707,12.8633784587669,3660,"Rattus_norvegicus_UniProt_2020-06-29","Peptidyl-prolyl cis-trans isomerase A OS=Rattus norvegicus (Rat)",143079670,164,17862.8046875,5202122,3,3,3,3,6,12.7028605780895,12.8243936165441,-0.12153303845459,0.117793884089772,0.0358924510783738,0.226337752903447,3.11527407550839,-0.536954338794882,0.686355180367484,-0.646248063524545,Inf,"greater",0,0.95,-0.12153303845459
"sp|P10719|ATPB_RAT",2044576,8,12,14.9508110252022,14.5270600296373,14.9503592191439,14.9317844781664,16.2172651803925,15.2063365245337,3660,"Rattus_norvegicus_UniProt_2020-06-29","ATP synthase subunit beta, mitochondrial OS=Rattus norvegicus (R",143079693,529,56318.48046875,236060,3,3,3,3,6,14.8094100913278,15.4517953943642,-0.642385303036439,0.0597912190346553,0.458302701532778,0.415569456917225,2.5131157128799,-1.54579527523937,0.881604132934812,-1.70266632697475,Inf,"greater",0,0.95,-0.642385303036439
"sp|P10860|DHE3_RAT",2044576,5,5,15.5849451831108,15.672357019309,15.5518154746392,15.6866104010744,16.1267506451204,15.8516781535437,3660,"Rattus_norvegicus_UniProt_2020-06-29","Glutamate dehydrogenase 1, mitochondrial OS=Rattus norvegicus (R",143079700,558,61377.26953125,234973,3,3,3,3,6,15.6030392256863,15.8883463999128,-0.28530717422651,0.00387811178038674,0.0494392788260441,0.133313403435202,2.31184881826271,-2.1401237000538,0.925858916286471,-0.641031384436183,Inf,"greater",0,0.95,-0.28530717422651
"sp|P11442|CLH1_RAT",2044576,2,2,14.7428030935695,13.8585917924639,13.0465513997014,14.5542716361757,14.4933138367069,14.4192238650147,3660,"Rattus_norvegicus_UniProt_2020-06-29","Clathrin heavy chain 1 OS=Rattus norvegicus (Rat) OX=10116 GN=Cl",143079719,1675,191476.578125,212453,3,3,3,3,6,13.8826487619116,14.4889364459658,-0.606287684054186,0.719751505571854,0.00457384628615844,0.491367259748419,2.02541800359061,-1.23387887985171,0.829384147440123,-2.02886873515955,Inf,"greater",0,0.95,-0.606287684054186
"sp|P11466|OCTC_RAT",2044576,1,1,12.7416081310265,11.6107893411297,NA,12.6100020291366,13.1060099649544,12.6910219490071,3660,"Rattus_norvegicus_UniProt_2020-06-29","Peroxisomal carnitine O-octanoyltransferase OS=Rattus norvegicus",143079720,612,70257.3125,212462,2,3,2,3,5,12.1761987360781,12.8023446476994,-0.62614591162127,0.639375567791918,0.0708005255316292,0.585907807656775,1.14996140704929,-1.06867651094362,0.770038047979263,-3.6052750711984,Inf,"greater",0,0.95,-0.62614591162127
"sp|P11517|HBB2_RAT",2044576,1,2,13.9721972168457,13.8388790296656,13.7201854737007,13.8776369325943,14.0337378684067,13.9478665772714,3660,"Rattus_norvegicus_UniProt_2020-06-29","Hemoglobin subunit beta-2 OS=Rattus norvegicus (Rat) OX=10116 GN",143079727,147,15972.294921875,5197344,3,3,3,3,6,13.8437539067373,13.9530804594241,-0.109326552686811,0.015895302990592,0.00611226396570973,0.0856496097603519,3.33999233613212,-1.27643958907352,0.858339158253841,-0.302795384295201,Inf,"greater",0,0.95,-0.109326552686811
"sp|P11980|KPYM_RAT",2044576,5,5,16.6699723558094,16.352830498077,16.3131212781414,16.5635771976708,17.5860483985777,16.7871451101137,3660,"Rattus_norvegicus_UniProt_2020-06-29","Pyruvate kinase PKM OS=Rattus norvegicus (Rat) OX=10116 GN=Pkm P",143079746,531,57780.875,5238891,3,3,3,3,6,16.4453080440093,16.9789235687874,-0.533615524778121,0.038249745284438,0.288946072079425,0.330250317872097,2.52038797189342,-1.61579110117552,0.88929179273508,-1.37497804589309,Inf,"greater",0,0.95,-0.533615524778121
"sp|P13221|AATC_RAT",2044576,3,3,14.258089718692,14.5671035621702,14.3530419410249,14.6640939638179,15.4640444083895,14.8811825342896,3660,"Rattus_norvegicus_UniProt_2020-06-29","Aspartate aminotransferase, cytoplasmic OS=Rattus norvegicus (Ra",143079784,413,46399.50390625,5203234,3,3,3,3,6,14.3927450739624,15.0031069688323,-0.610361894869945,0.0250546429390779,0.171129354246481,0.255723807512167,2.57334084238044,-2.38680121654651,0.944339382681757,-1.25511322402695,Inf,"greater",0,0.95,-0.610361894869945
"sp|P13233|CN37_RAT",2044576,2,2,13.0247120209169,13.1194132512116,12.6540976915403,11.9793162248421,14.2799195725421,13.6239384956585,3660,"Rattus_norvegicus_UniProt_2020-06-29","2',3'-cyclic-nucleotide 3'-phosphodiesterase OS=Rattus norvegicu",143079785,420,47238.546875,213871,3,3,3,3,6,12.9327409878896,13.2943914310143,-0.361650443124653,0.0604736457051404,1.40464489172386,0.69883678052151,2.17189188192917,-0.517503447449875,0.673635793603907,-2.29626112192871,Inf,"greater",0,0.95,-0.361650443124653
"sp|P14882|PCCA_RAT",2044576,13,16,15.9893936127964,16.9077048035287,16.9677989173268,17.2047527464539,17.9621178329573,17.1786928762484,3660,"Rattus_norvegicus_UniProt_2020-06-29","Propionyl-CoA carboxylase alpha chain, mitochondrial OS=Rattus n",143079842,737,81571.089310811,19350762,3,3,3,3,6,16.6216324445506,17.4485211518865,-0.826888707335915,0.300697280911787,0.198005942313984,0.407718539855528,3.83729227994081,-2.02808709073891,0.942284850235008,-1.706780344111,Inf,"greater",0,0.95,-0.826888707335915
"sp|P15684|AMPN_RAT",2044576,1,1,12.7729763790911,13.0868238182784,13.5055407587353,13.7222466851512,14.0465110115423,13.7789469763299,3660,"Rattus_norvegicus_UniProt_2020-06-29","Aminopeptidase N OS=Rattus norvegicus (Rat) OX=10116 GN=Anpep PE",143079873,965,109379.859375,5197299,3,3,3,3,6,13.1217803187016,13.8492348910078,-0.727454572306243,0.135079110272263,0.0299921315547957,0.234571411889186,2.84640820602273,-3.10120728884856,0.97145050370942,-1.29184440040212,Inf,"greater",0,0.95,-0.727454572306243
"sp|P15999|ATPA_RAT",2044576,3,3,13.6219888832587,13.9047538655819,13.6641507992423,14.389163820977,13.9433124219551,14.2324123590918,3660,"Rattus_norvegicus_UniProt_2020-06-29","ATP synthase subunit alpha, mitochondrial OS=Rattus norvegicus (",143079885,553,59716.609375,233219,3,3,3,3,6,13.730297849361,14.1882962006746,-0.457998351313623,0.023270582986607,0.0511555440775726,0.15750780622367,3.50761862874992,-2.90778192074645,0.974324046555307,-0.80779256083174,Inf,"greater",0,0.95,-0.457998351313623
"sp|P16617|PGK1_RAT",2044576,3,3,16.582266229948,16.720029736139,16.5873377734672,16.6201948511338,17.0214787514298,16.9223311960723,3660,"Rattus_norvegicus_UniProt_2020-06-29","Phosphoglycerate kinase 1 OS=Rattus norvegicus (Rat) OX=10116 GN",143079911,417,44509.984375,245136,3,3,3,3,6,16.6298779131847,16.854668266212,-0.224790353027231,0.00610194352489937,0.0436908962171563,0.128831724537677,2.54795853893731,-1.74483694783959,0.902320077430609,-0.551215361410475,Inf,"greater",0,0.95,-0.224790353027231
"sp|P19332|TAU_RAT",2044576,1,1,14.5449674504715,15.235041594229,15.2541476836865,15.336567236227,15.0343639567666,15.4560804177275,3660,"Rattus_norvegicus_UniProt_2020-06-29","Microtubule-associated protein tau OS=Rattus norvegicus (Rat) OX",143080015,752,78516.296875,5206480,3,3,3,3,6,15.011385576129,15.275670536907,-0.264284960778019,0.163250661619987,0.0472424993524094,0.264885611143374,3.06809783890256,-0.99773241603135,0.804769501561243,-0.882056672622538,Inf,"greater",0,0.95,-0.264284960778019
"sp|P20759|IGHG1_RAT",2044576,1,1,11.6589255114924,11.6672118760654,12.0895889717838,12.3616923325603,12.3247065505077,12.5658528386935,3660,"Rattus_norvegicus_UniProt_2020-06-29","Ig gamma-1 chain C region OS=Rattus norvegicus (Rat) OX=10116 GN",143080076,326,35922.6796875,5244389,3,3,3,3,6,11.8052421197805,12.4174172405872,-0.612175120806679,0.0606570151425791,0.0168668321073933,0.160752239227507,3.03244473351344,-3.80819031665426,0.984383838528297,-0.98883913483234,Inf,"greater",0,0.95,-0.612175120806679
"sp|P20760|IGG2A_RAT",2044576,1,1,13.1143556367164,13.6627713674904,14.2165621262068,13.9408265024058,13.6146833913967,14.4666401774787,3660,"Rattus_norvegicus_UniProt_2020-06-29","Ig gamma-2A chain C region OS=Rattus norvegicus (Rat) OX=10116 G",143080077,322,35163.41015625,5244390,3,3,3,3,6,13.6645630434712,14.0073833570937,-0.342820313622521,0.303717193945834,0.184779952517289,0.403524946136387,3.77614815126221,-0.849564114697017,0.776966611422802,-1.21793719098265,Inf,"greater",0,0.95,-0.342820313622521
"sp|P20761|IGG2B_RAT",2044576,1,1,13.4455011818703,13.288095394074,13.820859354034,13.7598784473527,14.2284797676347,14.3372224435166,3660,"Rattus_norvegicus_UniProt_2020-06-29","Ig gamma-2B chain C region OS=Rattus norvegicus (Rat) OX=10116 G",143080078,333,36474.19921875,5244391,3,3,3,3,6,13.5181519766595,14.108526886168,-0.59037490950854,0.074917962745668,0.0941230428057504,0.237375234282081,3.94902722973185,-2.48709563697356,0.965749769851015,-1.09830513680716,Inf,"greater",0,0.95,-0.59037490950854
"sp|P21575|DYN1_RAT",2044576,4,4,14.5810116395971,14.5365693613187,13.6236058585955,14.7039661743891,14.8191073155543,14.5547388054721,3660,"Rattus_norvegicus_UniProt_2020-06-29","Dynamin-1 OS=Rattus norvegicus (Rat) OX=10116 GN=Dnm1 PE=1 SV=2",143080106,864,97233.875,7282332,3,3,3,3,6,14.2470622865038,14.6926040984719,-0.445541811968091,0.292017217149747,0.0175694998576434,0.321240676651941,2.23979584243451,-1.38694083393066,0.856325550489133,-1.31853630741943,Inf,"greater",0,0.95,-0.445541811968091
"sp|P22509|FBRL_RAT",2044576,1,1,13.4849424427185,13.7227401615618,13.953108737329,15.5761909379143,14.7066168851139,14.2181939433203,3660,"Rattus_norvegicus_UniProt_2020-06-29","rRNA 2'-O-methyltransferase fibrillarin OS=Rattus norvegicus (Ra",143080148,327,34200.6171875,216677,3,3,3,3,6,13.7202637805364,14.8336672554495,-1.11340347491305,0.0547995191995583,0.473145306783401,0.419501619378265,2.45714631376683,-2.65411007605455,0.952633449912081,-2.19623383928927,Inf,"greater",0,0.95,-1.11340347491305
"sp|P24942|EAA1_RAT",2044576,1,1,13.318732030981,12.5275485480076,13.1426748094933,13.4335845613894,13.5547974710158,13.5504784887104,3660,"Rattus_norvegicus_UniProt_2020-06-29","Excitatory amino acid transporter 1 OS=Rattus norvegicus (Rat) O",143080238,543,59658.71875,219920,3,3,3,3,6,12.9963184628273,13.5129535070385,-0.51663504421124,0.172557961089542,0.0047292355521268,0.243096137801261,2.1095443164507,-2.12522933882893,0.919585908379825,-1.20196260419938,Inf,"greater",0,0.95,-0.51663504421124
"sp|P25113|PGAM1_RAT",2044576,2,4,14.3678808761237,12.6927471632418,13.6699361315143,13.6871969156874,15.4303927648306,14.6678472981761,3660,"Rattus_norvegicus_UniProt_2020-06-29","Phosphoglycerate mutase 1 OS=Rattus norvegicus (Rat) OX=10116 GN",143080251,254,28813.865234375,495558,3,3,3,3,6,13.5768547236266,14.5951456595647,-1.01829093593806,0.708016350379163,0.763647088310149,0.700395944850557,3.99429241358123,-1.45387897149423,0.890124349736231,-2.51204101797483,Inf,"greater",0,0.95,-1.01829093593806
"sp|P31044|PEBP1_RAT",2044576,1,1,12.1637943156087,13.0110352024792,13.7331465121022,12.6939430404207,12.9870081419875,13.3097647629456,3660,"Rattus_norvegicus_UniProt_2020-06-29","Phosphatidylethanolamine-binding protein 1 OS=Rattus norvegicus",143080415,187,20788.390625,5197314,3,3,3,3,6,12.9693253433967,12.9969053151179,-0.0275799717212006,0.617021363418241,0.0948825640103423,0.487135822069021,2.60089151043465,-0.0566165953553974,0.520543904171515,-1.24938593858222,Inf,"greater",0,0.95,-0.0275799717212006
"sp|P34058|HS90B_RAT",2044576,3,3,14.5721530732459,14.498393827891,14.7486199237276,14.9564685493657,15.301665518804,15.2142110680734,3660,"Rattus_norvegicus_UniProt_2020-06-29","Heat shock protein HSP 90-beta OS=Rattus norvegicus (Rat) OX=101",143080477,724,83229.1171875,113136,3,3,3,3,6,14.6063889416215,15.1574483787477,-0.551059437126186,0.0165323457719823,0.0322067391019557,0.127461216158665,3.62507551934658,-4.32334990778858,0.992320534364058,-0.831066566903956,Inf,"greater",0,0.95,-0.551059437126186
"sp|P35213|1433B_RAT",2044576,5,5,15.7452331296423,15.702136003561,15.9280510906741,15.8137641363272,16.1690479015861,16.0292443034249,3660,"Rattus_norvegicus_UniProt_2020-06-29","14-3-3 protein beta/alpha OS=Rattus norvegicus (Rat) OX=10116 GN",143080495,246,28036.833984375,5197289,3,3,3,3,6,15.7918067412925,16.0040187804461,-0.212212039153631,0.0143862326229432,0.032033883721308,0.124392009850916,3.49488094238047,-1.70599413425321,0.913273918140438,-0.488801706175714,Inf,"greater",0,0.95,-0.212212039153631
"sp|P35704|PRDX2_RAT",2044576,2,2,14.1148444365181,14.4976186676678,14.5513431409762,14.4507351646224,14.5995235315789,14.802309991779,3660,"Rattus_norvegicus_UniProt_2020-06-29","Peroxiredoxin-2 OS=Rattus norvegicus (Rat) OX=10116 GN=Prdx2 PE=",143080538,198,21770.0625,5196510,3,3,3,3,6,14.387935415054,14.6175228959934,-0.229587480939424,0.0566555916763527,0.0311441976120417,0.171074826989434,3.6885838736506,-1.34202959593584,0.871883990083119,-0.603322109900973,Inf,"greater",0,0.95,-0.229587480939424
"sp|P37727|RAE1_RAT",2044576,1,1,15.6904487431903,13.0586294421655,NA,13.3942733380812,NA,10.8265735056777,3660,"Rattus_norvegicus_UniProt_2020-06-29","Rab proteins geranylgeranyltransferase component A 1 OS=Rattus n",143080590,650,72434.234375,217202,2,2,2,2,4,14.3745390926779,12.1104234218794,2.26411567079846,3.46323641662341,3.29654121466258,1.83844739267758,1.99878452128691,1.23153682820421,0.171671889272579,-3.1063511252093,Inf,"greater",0,0.95,2.26411567079846
"sp|P42123|LDHB_RAT",2044576,4,5,16.0318286862801,15.6535650407202,15.7861345281966,15.8292120358847,16.1495472825595,16.1437845668582,3660,"Rattus_norvegicus_UniProt_2020-06-29","L-lactate dehydrogenase B chain OS=Rattus norvegicus (Rat) OX=10",143080649,334,36589.0625,5197466,3,3,3,3,6,15.8238427517323,16.0408479617675,-0.217005210035188,0.0368372789797337,0.0336006260662488,0.153229571826049,3.99157202249085,-1.41620972668082,0.885099919667469,-0.543865454434797,Inf,"greater",0,0.95,-0.217005210035188
"sp|P45953|ACADV_RAT",2044576,1,1,11.4130989849153,11.2591291687737,11.7632586137757,11.3980799689024,11.1355169139405,11.2487360682858,3660,"Rattus_norvegicus_UniProt_2020-06-29","Very long-chain specific acyl-CoA dehydrogenase, mitochondrial O",143080690,655,70704.640625,5259146,3,3,3,3,6,11.4784955891549,11.2607776503762,0.217717938778671,0.0667441612140606,0.0173435892321592,0.167419384029269,2.97366256106286,1.30043447502237,0.142530579180272,-0.177707435223827,Inf,"greater",0,0.95,0.217717938778671
"sp|P47863|AQP4_RAT",2044576,1,1,12.9853456584639,11.9523127113614,13.789769262759,13.2133483849028,12.8016436988662,13.524005709721,3660,"Rattus_norvegicus_UniProt_2020-06-29","Aquaporin-4 OS=Rattus norvegicus (Rat) OX=10116 GN=Aqp4 PE=1 SV=",143080721,323,34457.74609375,211726,3,3,3,3,6,12.9091425441947,13.1796659311634,-0.270523386968629,0.848416830536691,0.131302599448988,0.571465784915037,2.60456745088811,-0.473385098652667,0.663631542424095,-1.70285566855248,Inf,"greater",0,0.95,-0.270523386968629
"sp|P47942|DPYL2_RAT",2044576,15,20,16.9625355801934,16.2518231604962,16.4582073927822,16.7895066970672,17.1454960602006,16.9960134419288,3660,"Rattus_norvegicus_UniProt_2020-06-29","Dihydropyrimidinase-related protein 2 OS=Rattus norvegicus (Rat)",143080727,572,62238.58984375,124864,3,3,3,3,6,16.5575220444906,16.9770053997322,-0.419483355241635,0.133675585910941,0.0319530859171422,0.234967140843199,2.90445968410714,-1.78528518386139,0.912392714544087,-0.979941240619422,Inf,"greater",0,0.95,-0.419483355241635
"sp|P50398|GDIA_RAT",2044576,5,6,15.1983564050715,14.3620341547091,14.287786835584,14.8274985937854,15.5792307759843,15.3332490510405,3660,"Rattus_norvegicus_UniProt_2020-06-29","Rab GDP dissociation inhibitor alpha OS=Rattus norvegicus (Rat)",143080826,447,50504.15234375,219990,3,3,3,3,6,14.6160591317882,15.2466594736034,-0.630600341815221,0.255680751954208,0.146898634628923,0.366323803295723,3.72781376672866,-1.72142879098183,0.917256814001719,-1.42822141045814,Inf,"greater",0,0.95,-0.630600341815221
"sp|P51650|SSDH_RAT",2044576,1,1,12.4829768157607,12.5567440732481,11.8780483895233,12.5818914035397,12.7851970108687,12.9705534213652,3660,"Rattus_norvegicus_UniProt_2020-06-29","Succinate-semialdehyde dehydrogenase, mitochondrial OS=Rattus no",143080874,523,56095.84375,7281043,3,3,3,3,6,12.305923092844,12.7792139452579,-0.473290852413832,0.13866797337564,0.0377913888306283,0.242527910563072,3.01475651601285,-1.95149024833885,0.927194299147331,-1.04291003017891,Inf,"greater",0,0.95,-0.473290852413832
"sp|P52873|PYC_RAT",2044576,41,58,19.8151713850424,20.4506977219193,20.4227774150161,20.7972684431467,21.2765507449174,20.6713936432429,3660,"Rattus_norvegicus_UniProt_2020-06-29","Pyruvate carboxylase, mitochondrial OS=Rattus norvegicus (Rat) O",143080919,1178,129694.65625,246148,3,3,3,3,6,20.2295488406593,20.915070943769,-0.685522103109733,0.128976392677045,0.10196185129144,0.27745164381593,3.9460040720732,-2.47078047072062,0.965125983918962,-1.27933966555741,Inf,"greater",0,0.95,-0.685522103109733
"sp|P60203|MYPR_RAT",2044576,1,1,13.0782675798969,12.6109916692727,13.315188606185,13.390827145404,13.4761145702294,13.6343446968475,3660,"Rattus_norvegicus_UniProt_2020-06-29","Myelin proteolipid protein OS=Rattus norvegicus (Rat) OX=10116 G",143081075,277,30057.095703125,114106,3,3,3,3,6,13.0014826184515,13.5004288041603,-0.49894618570872,0.12839527921729,0.0152685859439954,0.218833167170249,2.46904136153111,-2.28002999801464,0.937106691702711,-1.06238278731369,Inf,"greater",0,0.95,-0.49894618570872
"sp|P60711|ACTB_RAT",2044576,12,17,16.7598668629602,16.2746481865894,16.2646505357568,16.7087967113786,17.1647722175342,16.9280482320603,3660,"Rattus_norvegicus_UniProt_2020-06-29","Actin, cytoplasmic 1 OS=Rattus norvegicus (Rat) OX=10116 GN=Actb",143081085,375,41709.7265625,84214,3,3,3,3,6,16.4330551951021,16.933872386991,-0.500817191888892,0.0801293879416882,0.052003856138973,0.209867612302503,3.82662243326809,-2.38634816680058,0.960804731597797,-0.954111141685222,Inf,"greater",0,0.95,-0.500817191888892
"sp|P60881|SNP25_RAT",2044576,1,1,12.6161283793413,11.882432248852,10.938110355207,12.3427379123233,12.4723583008324,12.0808716177713,3660,"Rattus_norvegicus_UniProt_2020-06-29","Synaptosomal-associated protein 25 OS=Rattus norvegicus (Rat) OX",143081091,206,23300.205078125,61201,3,3,3,3,6,11.8122236611334,12.2986559436423,-0.486432282508904,0.70763305667202,0.0397728707256391,0.499134560146413,2.2241140161587,-0.974551396253181,0.78821801846137,-1.84851953350358,Inf,"greater",0,0.95,-0.486432282508904
"sp|P61265|STX1B_RAT",2044576,1,1,12.8513098425571,12.620334270042,12.5836976699434,13.1893384003841,13.5522343985385,12.5921103236967,3660,"Rattus_norvegicus_UniProt_2020-06-29","Syntaxin-1B OS=Rattus norvegicus (Rat) OX=10116 GN=Stx1b PE=1 SV",143081112,288,33223.828125,58880,3,3,3,3,6,12.6851139275141,13.1112277075398,-0.426113780025625,0.0210513717494072,0.235035520025199,0.29216826873944,2.35541585043781,-1.45845331481099,0.868030038899732,-1.19761844450047,Inf,"greater",0,0.95,-0.426113780025625
"sp|P61765|STXB1_RAT",2044576,2,2,12.8934968351866,12.6062555376251,12.7583718849505,13.3684838595211,13.5620408431233,13.9864558019173,3660,"Rattus_norvegicus_UniProt_2020-06-29","Syntaxin-binding protein 1 OS=Rattus norvegicus (Rat) OX=10116 G",143081126,594,67525.859375,124664,3,3,3,3,6,12.7527080859207,13.6389935015205,-0.88628541559981,0.0206509497207949,0.0999136141230448,0.200469917812989,2.7928803770354,-4.42103945204683,0.987543605761259,-1.37267495371516,Inf,"greater",0,0.95,-0.88628541559981
"sp|P61983|1433G_RAT",2044576,4,4,14.991394736634,14.9331578969342,14.9804750321368,15.1243483656464,15.7177752087412,15.0987085427521,3660,"Rattus_norvegicus_UniProt_2020-06-29","14-3-3 protein gamma OS=Rattus norvegicus (Rat) OX=10116 GN=Ywha",143081137,247,28284.912109375,64109,3,3,3,3,6,14.968342555235,15.3136107057132,-0.345268150478201,0.000958280121386836,0.122676059260407,0.203006025675589,2.03124396585298,-1.70077784306734,0.88541386296658,-0.931871312540877,Inf,"greater",0,0.95,-0.345268150478201
"sp|P62260|1433E_RAT",2044576,2,2,14.7353598082741,14.2066285520602,14.2696231303611,14.53835004962,16.0066087860879,14.6204068853986,3660,"Rattus_norvegicus_UniProt_2020-06-29","14-3-3 protein epsilon OS=Rattus norvegicus (Rat) OX=10116 GN=Yw",143081153,255,29155.4140625,88633,3,3,3,3,6,14.4038704968985,15.0551219070355,-0.651251410137041,0.0834059518910323,0.680678791831114,0.504673076926092,2.48288374574024,-1.29044214940837,0.848026189718596,-1.94688709148677,Inf,"greater",0,0.95,-0.651251410137041
"sp|P62815|VATB2_RAT",2044576,1,1,13.2219556018315,12.6494094570987,12.9917226755298,13.1356258405516,13.1532575094637,13.3970460416293,3660,"Rattus_norvegicus_UniProt_2020-06-29","V-type proton ATPase subunit B, brain isoform OS=Rattus norvegic",143081188,511,56514.84375,101948,3,3,3,3,6,12.9543625781533,13.2286431305482,-0.274280552394901,0.0829991046190629,0.021347374282592,0.186499757731438,2.96496592183829,-1.47067511363671,0.880613587071939,-0.715304604842782,Inf,"greater",0,0.95,-0.274280552394901
"sp|P63012|RAB3A_RAT",2044576,1,1,11.9350324157709,12.8292070790421,12.7456350178143,13.113408280331,13.505692482015,12.9574540399702,3660,"Rattus_norvegicus_UniProt_2020-06-29","Ras-related protein Rab-3A OS=Rattus norvegicus (Rat) OX=10116 G",143081228,220,24954.07421875,103302,3,3,3,3,6,12.5032915042091,13.1921849341054,-0.688893429896281,0.243934866048933,0.079795668218835,0.328496846391645,3.18199377151242,-2.09710819894739,0.939144158621283,-1.4442689757714,Inf,"greater",0,0.95,-0.688893429896281
"sp|P63102|1433Z_RAT",2044576,5,5,15.4487025715831,15.6306278381999,15.1810139937228,15.6275634917471,15.9536390127037,15.5601172308651,3660,"Rattus_norvegicus_UniProt_2020-06-29","14-3-3 protein zeta/delta OS=Rattus norvegicus (Rat) OX=10116 GN",143081256,245,27753.7421875,101016,3,3,3,3,6,15.4201148011686,15.7137732451053,-0.293658443936698,0.0511510977493243,0.0442889393759005,0.178362960584333,3.97942779214881,-1.64640933843353,0.912303554152585,-0.674466443459433,Inf,"greater",0,0.95,-0.293658443936698
"sp|P68370|TBA1A_RAT",2044576,1,1,12.8429611592942,11.1983798970327,12.0781900411816,12.3608848127204,13.6072147085538,12.8129081698947,3660,"Rattus_norvegicus_UniProt_2020-06-29","Tubulin alpha-1A chain OS=Rattus norvegicus (Rat) OX=10116 GN=Tu",143081297,451,50103.60546875,59936,3,3,3,3,6,12.0398436991695,12.9270025637229,-0.887158864553452,0.677264713504716,0.398097700339301,0.598710395724014,3.74744620356279,-1.4817829636658,0.891418662940362,-2.18863819931596,Inf,"greater",0,0.95,-0.887158864553452
"sp|P69897|TBB5_RAT",2044576,5,9,15.0007949186701,13.9829948002114,14.0829735202887,14.9196802301257,14.9525305961488,14.885262386491,3660,"Rattus_norvegicus_UniProt_2020-06-29","Tubulin beta-5 chain OS=Rattus norvegicus (Rat) OX=10116 GN=Tubb",143081310,444,49638.96875,69454,3,3,3,3,6,14.3555877463901,14.9191577375885,-0.563569991198419,0.314718157488284,0.00113145775647865,0.324473735580536,2.01438039853208,-1.73687398824469,0.888175396290288,-1.50643203432741,Inf,"greater",0,0.95,-0.563569991198419
"sp|P82995|HS90A_RAT",2044576,2,2,14.1742547232284,13.7524931001492,13.0252978356801,14.0005177525361,14.8413078239683,14.1462123646289,3660,"Rattus_norvegicus_UniProt_2020-06-29","Heat shock protein HSP 90-alpha OS=Rattus norvegicus (Rat) OX=10",143081422,733,84761.7734375,216772,3,3,3,3,6,13.6506818863526,14.3293459803778,-0.678664094025194,0.337799624802198,0.20188542696769,0.424140327317068,3.76143721745649,-1.60009329534434,0.905350022734356,-1.59959774327568,Inf,"greater",0,0.95,-0.678664094025194
"sp|P85108|TBB2A_RAT",2044576,2,5,16.2427230708139,14.4406792387791,14.2988551386821,15.5717233465903,16.5462842171838,15.5655422831418,3660,"Rattus_norvegicus_UniProt_2020-06-29","Tubulin beta-2A chain OS=Rattus norvegicus (Rat) OX=10116 GN=Tub",143081464,445,49874.953125,86314,3,3,3,3,6,14.9940858160917,15.8945166156386,-0.900430799546891,1.1743497642522,0.31861030620428,0.705445502373378,3.01082652219304,-1.27640022725712,0.854315836858344,-2.55816953903031,Inf,"greater",0,0.95,-0.900430799546891
"sp|Q00981|UCHL1_RAT",2044576,2,2,14.6131321842108,14.6215383799097,14.3726427190271,14.6498347588132,14.762598489021,15.2938374785927,3660,"Rattus_norvegicus_UniProt_2020-06-29","Ubiquitin carboxyl-terminal hydrolase isozyme L1 OS=Rattus norve",143081622,223,24822.44140625,116053,3,3,3,3,6,14.5357710943825,14.9020902421423,-0.366319147759764,0.0199758161661051,0.118278337662472,0.214673514768029,2.65681824576567,-1.70640122120141,0.900932935164486,-0.899271035390102,Inf,"greater",0,0.95,-0.366319147759764
"sp|Q02445|TFPI1_RAT",2044576,1,1,13.4221081410094,13.1354842206498,13.069764092891,13.4140906457105,13.1198473376216,13.112368037815,3660,"Rattus_norvegicus_UniProt_2020-06-29","Tissue factor pathway inhibitor OS=Rattus norvegicus (Rat) OX=10",143081653,302,34531.3671875,216285,3,3,3,3,6,13.2091188181834,13.2154353403824,-0.00631652219896495,0.0351031225265799,0.0296119327326653,0.146873023685138,3.97140654704884,-0.0430066872763927,0.516114239640779,-0.320076150333239,Inf,"greater",0,0.95,-0.00631652219896495
"sp|Q05962|ADT1_RAT",2044576,1,1,15.2662869415353,15.542333453048,15.8749828893534,15.9350065565682,15.5984378460586,15.8312614544209,3660,"Rattus_norvegicus_UniProt_2020-06-29","ADP/ATP translocase 1 OS=Rattus norvegicus (Rat) OX=10116 GN=Slc",143081721,298,32968.234375,5197490,3,3,3,3,6,15.5612010946455,15.7882352856826,-0.22703419103701,0.0928946801471277,0.0297080626207615,0.20215731726215,3.16052300535151,-1.12305700388079,0.830291662354139,-0.6930928009842,Inf,"greater",0,0.95,-0.22703419103701
"sp|Q0V8T6|CTP5A_RAT",2044576,1,1,14.1505588832858,13.7791763637241,13.5559812632649,13.7044897894794,13.4762576297413,14.0334884547319,3660,"Rattus_norvegicus_UniProt_2020-06-29","Contactin-associated protein like 5-1 OS=Rattus norvegicus (Rat)",143081807,1305,145437.21875,5200088,3,3,3,3,6,13.8285721700916,13.7380786246509,0.0904935454407454,0.0902105958224566,0.0784727054660662,0.23712394880352,3.9807248364638,0.381629716852126,0.361115934551657,-0.415722493638683,Inf,"greater",0,0.95,0.0904935454407454
"sp|Q3KR73|KANL3_RAT",2044576,1,1,13.3959517818089,13.6303769171098,13.8673188377769,13.5968768434788,13.6336991114453,13.1726863396943,3660,"Rattus_norvegicus_UniProt_2020-06-29","KAT8 regulatory NSL complex subunit 3 OS=Rattus norvegicus (Rat)",143081970,877,92977.5625,5198813,3,3,3,3,6,13.6312158455652,13.4677540982061,0.163461747359023,0.0555472532136954,0.06563770643944,0.200985040615079,3.97245877199953,0.813303054091869,0.230989154100378,-0.265862506520939,Inf,"greater",0,0.95,0.163461747359023
"sp|Q3ZAV0|CCD60_RAT",2044576,1,1,13.5914849463441,11.8054723007262,11.5642007754102,12.9634004545963,14.0181914836626,12.8515762107918,3660,"Rattus_norvegicus_UniProt_2020-06-29","Coiled-coil domain-containing protein 60 OS=Rattus norvegicus (R",143082038,542,62463.52734375,238208,3,3,3,3,6,12.3203860074935,13.2777227163502,-0.957336708856717,1.22632237149245,0.41434666189945,0.739519896823134,3.21302895754502,-1.29453813611952,0.859667625315685,-2.65164734474555,Inf,"greater",0,0.95,-0.957336708856717
"sp|Q4FZU2|K2C6A_RAT",2044576,1,1,12.0353799119933,12.9194791951368,12.9670719930798,14.1248892345273,14.3992812628405,14.2762963349154,3660,"Rattus_norvegicus_UniProt_2020-06-29","Keratin, type II cytoskeletal 6A OS=Rattus norvegicus (Rat) OX=1",143082118,552,59212.69140625,232623,3,3,3,3,6,12.64064370007,14.2668222774277,-1.62617857735778,0.27532445847167,0.0188900646244172,0.313163707505668,2.27315493937963,-5.19274276802446,0.986678198611934,-2.46991024069795,Inf,"greater",0,0.95,-1.62617857735778
"sp|Q4QQT4|2AAB_RAT",2044576,1,1,13.457837420835,13.5309803553655,13.2993388637917,13.6615862452987,13.9219506223473,13.7512286783515,3660,"Rattus_norvegicus_UniProt_2020-06-29","Serine/threonine-protein phosphatase 2A 65 kDa regulatory subuni",143082241,601,65964.4609375,5307485,3,3,3,3,6,13.4293855466641,13.7782551819992,-0.34886963533511,0.0140215770125156,0.017495226133546,0.102496834334955,3.9519930899787,-3.40371132043961,0.986149603038363,-0.568142060412646,Inf,"greater",0,0.95,-0.34886963533511
"sp|Q5I0C3|MCCA_RAT",2044576,4,4,14.8389571819315,15.7060858392442,15.514054035077,15.3627711240717,15.7960276911296,15.5698938508511,3660,"Rattus_norvegicus_UniProt_2020-06-29","Methylcrotonoyl-CoA carboxylase subunit alpha, mitochondrial OS=",143082703,715,79279.3515625,229093,3,3,3,3,6,15.3530323520843,15.5762308886841,-0.223198536599881,0.207424013878591,0.0469579317610702,0.291194062233224,2.86139752013933,-0.76649412040935,0.749181918815759,-0.922230729205092,Inf,"greater",0,0.95,-0.223198536599881
"sp|Q5U300|UBA1_RAT",2044576,3,3,12.814372174374,12.824122302222,NA,NA,11.7565730009831,12.0996023226165,3660,"Rattus_norvegicus_UniProt_2020-06-29","Ubiquitin-like modifier-activating enzyme 1 OS=Rattus norvegicus",143083117,1058,117712.96875,226794,2,2,2,2,4,12.819247238298,11.9280876617998,0.891159576498195,4.75324965259398e-05,0.0588345577501397,0.171583930259604,1.00161580089386,5.1937239993855,0.0604018683921076,-0.189220969545748,Inf,"greater",0,0.95,0.891159576498195
"sp|Q5VJS5|DAAF4_RAT",2044576,1,1,12.7114411315305,12.1020327122133,NA,12.2312274235017,12.4862090476875,11.8325525912071,3660,"Rattus_norvegicus_UniProt_2020-06-29","Dynein assembly factor 4, axonemal OS=Rattus norvegicus (Rat) OX",143083147,420,48089.10546875,225751,2,3,2,3,5,12.4067369218719,12.1833296874655,0.223407234406448,0.185689310767336,0.108537335612675,0.359198785151843,1.79491763573925,0.621959883054749,0.301830538086293,-0.91192337108033,Inf,"greater",0,0.95,0.223407234406448
"sp|Q5XIF6|TBA4A_RAT",2044576,3,5,14.2365419470891,12.6684038910027,12.6884247376008,14.3368777013245,15.2734470466236,14.7527590819979,3660,"Rattus_norvegicus_UniProt_2020-06-29","Tubulin alpha-4A chain OS=Rattus norvegicus (Rat) OX=10116 GN=Tu",143083257,448,49892.3671875,59870,3,3,3,3,6,13.1977901918975,14.787694609982,-1.58990441808445,0.809354115259734,0.220205902975144,0.585821365900015,3.01329480728523,-2.71397478929748,0.963716351754982,-2.96607875545638,Inf,"greater",0,0.95,-1.58990441808445
"sp|Q62658|FKB1A_RAT",2044576,1,1,12.6313362345843,12.2232362506089,13.1961657481697,13.3008241749054,12.9068605391487,13.0393691994908,3660,"Rattus_norvegicus_UniProt_2020-06-29","Peptidyl-prolyl cis-trans isomerase FKBP1A OS=Rattus norvegicus",143083366,108,11915.106445312,5197392,3,3,3,3,6,12.683579411121,13.082351304515,-0.398771893393988,0.238694963926992,0.0401874325888767,0.304894734029013,2.65488896472744,-1.30790023207171,0.853684238016163,-1.15596944376362,Inf,"greater",0,0.95,-0.398771893393988
"sp|Q62774|MYO1A_RAT",2044576,1,1,11.9723946940765,12.5675578602514,13.1366230804674,12.6126184512746,12.0132773049435,10.8354825536222,3660,"Rattus_norvegicus_UniProt_2020-06-29","Unconventional myosin-Ia (Fragment) OS=Rattus norvegicus (Rat) O",143083423,842,97149.5390625,5324006,3,3,3,3,6,12.5588585449318,11.8204594366134,0.738399108318344,0.338913692484853,0.817437047441703,0.620846395368601,3.4151587360181,1.1893426680523,0.155186241636721,-0.653037292671563,Inf,"greater",0,0.95,0.738399108318344
"sp|Q62950|DPYL1_RAT",2044576,5,5,14.9076488443907,14.3775077295343,14.5988594908204,14.5509860142847,15.0232865449198,14.8751823078967,3660,"Rattus_norvegicus_UniProt_2020-06-29","Dihydropyrimidinase-related protein 1 OS=Rattus norvegicus (Rat)",143083507,572,62156.59375,5324025,3,3,3,3,6,14.6280053549151,14.8164849557004,-0.188479600785282,0.070899511460669,0.0583509821756827,0.207565647154783,3.96264860739284,-0.908048144617744,0.792167765856013,-0.63217887771719,Inf,"greater",0,0.95,-0.188479600785282
"sp|Q63210|GNA12_RAT",2044576,1,2,12.8883361018709,12.2227975403051,12.2641923855466,13.4667329304763,14.0074118992433,13.8374500382467,3660,"Rattus_norvegicus_UniProt_2020-06-29","Guanine nucleotide-binding protein subunit alpha-12 OS=Rattus no",143083586,379,44037.328125,5197301,3,3,3,3,6,12.4584420092409,13.7705316226554,-1.31208961341454,0.139035081461802,0.0764419925756536,0.268003155477353,3.6887364569465,-4.89579912250479,0.995051077898658,-1.89756878411431,Inf,"greater",0,0.95,-1.31208961341454
"sp|Q63279|K1C19_RAT",2044576,1,1,13.5669387974172,12.2428115545185,12.3443629569967,13.379315884323,15.7586222017519,14.8344638730812,3660,"Rattus_norvegicus_UniProt_2020-06-29","Keratin, type I cytoskeletal 19 OS=Rattus norvegicus (Rat) OX=10",143083607,403,44608.6328125,216290,3,3,3,3,6,12.7180377696441,14.6574673197187,-1.93942955007455,0.543052888051881,1.43877047296592,0.812777821428423,3.32150425658806,-2.38617430119597,0.95564929429327,-3.77902184367599,Inf,"greater",0,0.95,-1.93942955007455
"sp|Q63560|MAP6_RAT",2044576,1,1,12.3421580262443,12.0901969524163,12.598489347455,10.6333515514287,12.1724400102814,12.7655993441947,3660,"Rattus_norvegicus_UniProt_2020-06-29","Microtubule-associated protein 6 OS=Rattus norvegicus (Rat) OX=1",143083696,952,100423.3671875,217396,3,3,3,3,6,12.3436147753718,11.8571303019683,0.486484473403577,0.0645918813020463,1.21118532155625,0.652118906043547,2.21271295042555,0.746005780380013,0.263423929849224,-1.29854616609531,Inf,"greater",0,0.95,0.486484473403577
"sp|Q68EJ0|NB5R4_RAT",2044576,1,1,15.0633946599406,13.1814089013384,6.34850102299396,13.4706400133344,NA,12.8279683514604,3660,"Rattus_norvegicus_UniProt_2020-06-29","Cytochrome b5 reductase 4 OS=Rattus norvegicus (Rat) OX=10116 GN",143084055,520,58797.136934922,19350857,3,2,3,2,5,11.531101528091,13.1493041823974,-1.6182026543064,21.0299785954694,0.206513432487964,2.6670675997058,2.05846041667615,-0.606734772858741,0.6979062899569,-9.25724518426657,Inf,"greater",0,0.95,-1.6182026543064
"sp|Q6IFU8|K1C17_RAT",2044576,1,1,11.0096536922341,12.1261693451475,12.3014649279641,12.2211630914079,14.515373371887,11.6292140755874,3660,"Rattus_norvegicus_UniProt_2020-06-29","Keratin, type I cytoskeletal 17 OS=Rattus norvegicus (Rat) OX=10",143084444,433,48093.0546875,227818,3,3,3,3,6,11.8124293217819,12.7885835129607,-0.976154191178844,0.491018668885638,2.32395332200055,0.968671253296009,2.80902737407861,-1.0077249509133,0.803823868330519,-3.32038163218883,Inf,"greater",0,0.95,-0.976154191178844
"sp|Q6IFW6|K1C10_RAT",2044576,3,4,14.8802497868953,14.7950452067113,14.701611329363,16.2995692767639,15.7690449078041,16.6052753217647,3660,"Rattus_norvegicus_UniProt_2020-06-29","Keratin, type I cytoskeletal 10 OS=Rattus norvegicus (Rat) OX=10",143084451,526,56470.484375,234049,3,3,3,3,6,14.7923021076565,16.2246298354442,-1.43232772778769,0.00798356807170134,0.179032266207166,0.249677014212941,2.17801761007129,-5.73672243038804,0.988083662141373,-2.12232575415954,Inf,"greater",0,0.95,-1.43232772778769
"sp|Q6IG01|K2C1B_RAT",2044576,1,2,12.1527379903568,11.7455578642483,13.8638881487766,13.6785608533119,14.2223368197481,14.5306070933707,3660,"Rattus_norvegicus_UniProt_2020-06-29","Keratin, type II cytoskeletal 1b OS=Rattus norvegicus (Rat) OX=1",143084456,519,57219.63671875,234355,3,3,3,3,6,12.5873946677939,14.1438349221436,-1.55644025434971,1.26352561901793,0.186117609745217,0.695136252534505,2.57668829398717,-2.23904342303374,0.937209848893095,-3.30794943039057,Inf,"greater",0,0.95,-1.55644025434971
"sp|Q6IG02|K22E_RAT",2044576,2,2,13.240791332162,13.6821985542649,13.9067257317679,14.6993927366524,14.8642659589304,14.2065936420862,3660,"Rattus_norvegicus_UniProt_2020-06-29","Keratin, type II cytoskeletal 2 epidermal OS=Rattus norvegicus (",143084457,685,69085.1796875,5332101,3,3,3,3,6,13.6099052060649,14.5900841125563,-0.980178906491426,0.114786902290103,0.11709450056214,0.278017627050422,3.99960389935006,-3.52559985814733,0.987834593107862,-1.57288675657832,Inf,"greater",0,0.95,-0.980178906491426
"sp|Q6IMF3|K2C1_RAT",2044576,1,1,15.128962963992,14.6428888980123,14.5916569428713,15.6701049817712,16.0748539353212,15.6384475073177,3660,"Rattus_norvegicus_UniProt_2020-06-29","Keratin, type II cytoskeletal 1 OS=Rattus norvegicus (Rat) OX=10",143084466,625,64791.0859375,234064,3,3,3,3,6,14.7878362682919,15.7944688081367,-1.0066325398448,0.0879317451963629,0.059212413581892,0.22146795011036,3.85321364269579,-4.54527411006056,0.994298916457756,-1.48398367550599,Inf,"greater",0,0.95,-1.0066325398448
"sp|Q6P6V0|G6PI_RAT",2044576,1,1,13.6474910306346,13.7645465429651,13.7439618328981,14.2749688206786,14.9327116541538,14.0474904115383,3660,"Rattus_norvegicus_UniProt_2020-06-29","Glucose-6-phosphate isomerase OS=Rattus norvegicus (Rat) OX=1011",143084571,558,62787.12109375,224197,3,3,3,3,6,13.7186664688326,14.4183902954569,-0.6997238266243,0.00390538982414053,0.21133145166513,0.267853717222212,2.073894472933,-2.61233569532211,0.941882352741813,-1.46317537867174,Inf,"greater",0,0.95,-0.6997238266243
"sp|Q8CJB9|BRE1B_RAT",2044576,1,1,13.22175023083,13.103746739604,14.0534059451532,14.0951916926332,13.8631079774806,14.4813369869186,3660,"Rattus_norvegicus_UniProt_2020-06-29","E3 ubiquitin-protein ligase BRE1B OS=Rattus norvegicus (Rat) OX=",143085032,1002,113770.6953125,212611,3,3,3,3,6,13.4596343051957,14.1465455523441,-0.686911247148386,0.267904776298722,0.0975296912080824,0.34901502713914,3.28578049802636,-1.9681423255009,0.932157770628925,-1.47994963577137,Inf,"greater",0,0.95,-0.686911247148386
"sp|Q8VBU2|NDRG2_RAT",2044576,1,1,13.9608517636987,14.1651829715267,13.4845280534578,14.022042737675,14.3360992450165,14.3966331796475,3660,"Rattus_norvegicus_UniProt_2020-06-29","Protein NDRG2 OS=Rattus norvegicus (Rat) OX=10116 GN=Ndrg2 PE=1",143085166,371,40753.109375,230106,3,3,3,3,6,13.8701875962277,14.2515917207797,-0.381404124551924,0.121987772820261,0.0404356410437692,0.232682483128139,3.19463224406671,-1.63916131298067,0.902920964226388,-0.915653904575672,Inf,"greater",0,0.95,-0.381404124551924
"sp|Q8VHF5|CISY_RAT",2044576,2,2,13.7914640970446,12.6010236974858,13.491444894687,12.3539446101465,13.8184084205219,13.9164260951869,3660,"Rattus_norvegicus_UniProt_2020-06-29","Citrate synthase, mitochondrial OS=Rattus norvegicus (Rat) OX=10",143085182,466,51833.4609375,216270,3,3,3,3,6,13.2946442297391,13.3629263752851,-0.0682821455459965,0.383334962518395,0.765935017923301,0.618942641510961,3.60092046251613,-0.110320635494278,0.540987336553601,-1.43093182924557,Inf,"greater",0,0.95,-0.0682821455459965
"sp|Q99NA5|IDH3A_RAT",2044576,2,2,14.2842652729364,14.1975005609922,13.8899946353725,14.7735323546119,14.7868434055307,14.4666917303354,3660,"Rattus_norvegicus_UniProt_2020-06-29","Isocitrate dehydrogenase [NAD] subunit alpha, mitochondrial OS=R",143085405,366,39588.0390625,213706,3,3,3,3,6,14.1239201564337,14.6756891634927,-0.551769007058983,0.042922890862497,0.0328042413188976,0.15887849884046,3.92983565469964,-3.47289917192035,0.986873923210916,-0.892218638831381,Inf,"greater",0,0.95,-0.551769007058983
"sp|Q9ER34|ACON_RAT",2044576,6,7,15.6596570243812,15.4140726811392,15.1556321336799,15.9604787047673,15.595587342489,15.861264207745,3660,"Rattus_norvegicus_UniProt_2020-06-29","Aconitate hydratase, mitochondrial OS=Rattus norvegicus (Rat) OX",143085502,780,85379.96875,233923,3,3,3,3,6,15.4097872797334,15.8057767516671,-0.39598947193368,0.0635240461105093,0.0355955699028389,0.181768732196848,3.70579085657004,-2.17853459804539,0.949845607973185,-0.792503098940552,Inf,"greater",0,0.95,-0.39598947193368
"sp|Q9JIX5|CHD8_RAT",2044576,1,1,12.6296594267471,NA,12.5702402400059,13.0435119208448,12.3945537980328,11.896972057348,3660,"Rattus_norvegicus_UniProt_2020-06-29","Chromodomain-helicase-DNA-binding protein 8 OS=Rattus norvegicus",143085635,2581,290510.71875,5196486,2,3,2,3,5,12.5999498333765,12.4450125920752,0.154937241301305,0.00176531987648923,0.330547982068954,0.333264640530459,2.03191107102166,0.464907531308123,0.343534473894054,-0.807847964960252,Inf,"greater",0,0.95,0.154937241301305
"sp|Q9WTT6|GUAD_RAT",2044576,1,1,12.224019768086,12.9784731407936,12.9564474225679,12.8767091284593,13.6661230106156,13.7228242920161,3660,"Rattus_norvegicus_UniProt_2020-06-29","Guanine deaminase OS=Rattus norvegicus (Rat) OX=10116 GN=Gda PE=",143085960,454,50983.75,220088,3,3,3,3,6,12.7196467771492,13.4218854770303,-0.702238699881143,0.184355882150527,0.22371669710907,0.368814578191444,3.96312844230639,-1.90404268541854,0.93485203413122,-1.49060135626237,Inf,"greater",0,0.95,-0.702238699881143
"sp|Q9Z0L5|EREG_RAT",2044576,1,1,11.4162908595541,NA,13.2561377758681,12.7803500993442,12.7020709310766,12.4367074404381,3660,"Rattus_norvegicus_UniProt_2020-06-29","Proepiregulin OS=Rattus norvegicus (Rat) OX=10116 GN=Ereg PE=1 S",143086042,162,18392.021484375,220176,2,3,2,3,5,12.3362143177111,12.6397094902863,-0.303495172575227,1.69251833773511,0.0324392812280942,0.92578197358247,1.02563458057679,-0.327825752969461,0.60136625120558,-5.90707496945031,Inf,"greater",0,0.95,-0.303495172575227
"tr|A0A0G2JSV6|A0A0G2JSV6_RAT",2044576,7,11,18.4974603758054,18.0999928543222,17.6564916554237,18.2572127937241,18.3899464994884,18.3176439592443,3660,"Rattus_norvegicus_UniProt_2020-06-29","GLOBIN domain-containing protein OS=Rattus norvegicus (Rat) OX=1",143086276,142,15274.775390625,215617,3,3,3,3,6,18.0846482951838,18.3216010841523,-0.236952788968495,0.176983688786478,0.00441630328963635,0.245899703182764,2.09975055155806,-0.963615595714567,0.783628132700207,-0.932246608147085,Inf,"greater",0,0.95,-0.236952788968495
"tr|A0A0G2JUG1|A0A0G2JUG1_RAT",2044576,3,5,15.1670162522456,15.138676942635,14.4067947082802,15.3982572312666,16.7521844841906,16.3214219269251,3660,"Rattus_norvegicus_UniProt_2020-06-29","IF rod domain-containing protein OS=Rattus norvegicus (Rat) OX=1",143086439,538,57423.757204697,49655327,3,3,3,3,6,14.9041626343869,16.1572878807941,-1.25312524640716,0.185731919557116,0.47848474037709,0.470537515307124,3.34935533572473,-2.66317818588649,0.966132453432575,-2.31493399103292,Inf,"greater",0,0.95,-1.25312524640716
"tr|A0A0G2JVI3|A0A0G2JVI3_RAT",2044576,5,5,16.5029731708145,16.349484791907,16.1950785505957,16.2359505105986,16.984373173595,16.7713878137432,3660,"Rattus_norvegicus_UniProt_2020-06-29","Uncharacterized protein OS=Rattus norvegicus (Rat) OX=10116 GN=E",143086571,566,62336.009175227,49655538,3,3,3,3,6,16.3491788377724,16.6639038326456,-0.31472499487316,0.0236998444958735,0.148698725266101,0.239721066910395,2.62173292850318,-1.31288000228532,0.853841169726624,-0.91365734439343,Inf,"greater",0,0.95,-0.31472499487316
"tr|A0A0G2JW69|A0A0G2JW69_RAT",2044576,1,1,13.6358824657633,12.8413127891406,13.29676652174,13.9744316961641,14.2382688831265,14.330855407033,3660,"Rattus_norvegicus_UniProt_2020-06-29","IF rod domain-containing protein (Fragment) OS=Rattus norvegicus",143086648,484,52849.819533036,49655670,3,3,3,3,6,13.2579872588813,14.1811853287746,-0.92319806989328,0.158963116172937,0.034203364550485,0.253749535778506,2.82257938930199,-3.63822565058454,0.980220718738937,-1.53598091770533,Inf,"greater",0,0.95,-0.92319806989328
"tr|A0A0G2JWU1|A0A0G2JWU1_RAT",2044576,2,2,15.4321343884922,15.1722051214989,15.1992060888016,14.9345761592066,15.366964179983,15.4547758241075,3660,"Rattus_norvegicus_UniProt_2020-06-29","Triosephosphate isomerase OS=Rattus norvegicus (Rat) OX=10116 GN",143086717,253,27396.979143784,49655776,3,3,3,3,6,15.2678485329309,15.2521053877657,0.015743145165203,0.0204246448119492,0.0775463294529531,0.180712455081641,2.98519976439396,0.0871171008002227,0.468046415220678,-0.410399904974684,Inf,"greater",0,0.95,0.015743145165203
"tr|A0A0G2JX95|A0A0G2JX95_RAT",2044576,1,1,12.7350186151204,12.9842504751222,11.9184273364585,13.851806563841,13.6985701131245,13.12914853062,3660,"Rattus_norvegicus_UniProt_2020-06-29","ETS domain-containing protein OS=Rattus norvegicus (Rat) OX=1011",143086778,487,54071.115677998,19357181,3,3,3,3,6,12.5458988089003,13.5598417358619,-1.01394292696151,0.310819466556277,0.144992830238146,0.389791524105909,3.53246476440044,-2.60124416324152,0.96601658644431,-1.87754886648671,Inf,"greater",0,0.95,-1.01394292696151
"tr|A0A0G2JXD6|A0A0G2JXD6_RAT",2044576,1,1,13.9699098980383,14.6792671264172,14.8745689168405,14.2407222010146,14.8462415855285,14.95267987006,3660,"Rattus_norvegicus_UniProt_2020-06-29","Hydin, axonemal central pair apparatus protein OS=Rattus norvegi",143086791,5115,577050.7497832,49655899,3,3,3,3,6,14.5079153137653,14.6798812188677,-0.1719659051024,0.226623067849352,0.147477759324797,0.353129262062373,3.82863694285482,-0.486977216495941,0.673583641315418,-0.93456972609385,Inf,"greater",0,0.95,-0.1719659051024
"tr|A0A0G2JYY8|A0A0G2JYY8_RAT",2044576,2,4,15.3119831169325,15.1967819745758,15.4825372937108,15.2217827015188,15.9140870315941,15.7819204802489,3660,"Rattus_norvegicus_UniProt_2020-06-29","Gp_dh_N domain-containing protein OS=Rattus norvegicus (Rat) OX=",143086961,335,35832.8359375,213823,3,3,3,3,6,15.3304341284064,15.639263404454,-0.308829276047573,0.0206693554717992,0.135084602316016,0.22785518631199,2.5980403520331,-1.35537523216483,0.859460415652825,-0.880628253633102,Inf,"greater",0,0.95,-0.308829276047573
"tr|A0A0G2JZM0|A0A0G2JZM0_RAT",2044576,1,1,12.560691074923,NA,11.6635400540032,NA,14.0343080670655,12.6854037375411,3660,"Rattus_norvegicus_UniProt_2020-06-29","R3H domain and coiled-coil-containing 1-like OS=Rattus norvegicu",143087041,775,83870.885164664,49656322,2,2,2,2,4,12.1121155644631,13.3598559023033,-1.24774033784016,0.402439977168728,0.909771445104859,0.810003525385411,1.73992088675159,-1.54041346578889,0.859539351087305,-3.8725950115411,Inf,"greater",0,0.95,-1.24774033784016
"tr|A0A0G2K099|A0A0G2K099_RAT",2044576,2,2,14.0082605313031,13.8747963484235,14.5380844462872,15.125934528353,15.3522445143075,15.0240708669608,3660,"Rattus_norvegicus_UniProt_2020-06-29","ATP synthase F1 subunit alpha OS=Rattus norvegicus (Rat) OX=1011",143087126,508,54261.467571423,49656441,3,3,3,3,6,14.1403804420046,15.1674166365404,-1.02703619453583,0.123079528294732,0.0282150596779714,0.224569653613828,2.87118728466299,-4.57335253454116,0.989218106195447,-1.56533792419367,Inf,"greater",0,0.95,-1.02703619453583
"tr|A0A0G2K0I0|A0A0G2K0I0_RAT",2044576,1,1,14.0406681561976,13.8751946873255,13.1385667133613,13.4252767101092,14.0146211774921,14.1572347559251,3660,"Rattus_norvegicus_UniProt_2020-06-29","Anoctamin OS=Rattus norvegicus (Rat) OX=10116 GN=Ano4 PE=3 SV=1",143087152,955,111553.64329927,49656482,3,3,3,3,6,13.6848098522948,13.8657108811755,-0.180901028880664,0.230631542349089,0.150571352470502,0.356465470426703,3.83102001300743,-0.507485419735376,0.680185991373414,-0.950564622623571,Inf,"greater",0,0.95,-0.180901028880664
"tr|A0A0G2K1Y7|A0A0G2K1Y7_RAT",2044576,1,1,12.0785911562173,12.2039513040239,12.6436588539315,12.9650925256277,14.5171218769451,12.9614989979338,3660,"Rattus_norvegicus_UniProt_2020-06-29","AF-4_C domain-containing protein OS=Rattus norvegicus (Rat) OX=1",143087321,1281,137934.76105659,49656762,3,3,3,3,6,12.3087337713909,13.4812378001689,-1.17250402877798,0.0880598998506468,0.804795093749225,0.545544068980644,2.43249803338199,-2.14923797259645,0.92921123047928,-2.58818070949076,Inf,"greater",0,0.95,-1.17250402877798
"tr|A0A0G2K2E4|A0A0G2K2E4_RAT",2044576,5,7,16.5149701147137,16.209091068217,16.1959670075279,16.2302522170985,16.5659685362097,16.5766154345666,3660,"Rattus_norvegicus_UniProt_2020-06-29","Peptidyl-prolyl cis-trans isomerase OS=Rattus norvegicus (Rat) O",143087377,164,17810.660808966,19346869,3,3,3,3,6,16.3066760634862,16.4576120626249,-0.150935999138756,0.032582869074826,0.0387977136295134,0.154251507506776,3.96990595390609,-0.978505828425213,0.808190508083969,-0.480494119538882,Inf,"greater",0,0.95,-0.150935999138756
"tr|A0A0G2K3H7|A0A0G2K3H7_RAT",2044576,1,1,NA,12.9482096908994,13.0030771694069,13.1814106193904,12.9306726661257,13.399896529353,3660,"Rattus_norvegicus_UniProt_2020-06-29","WD repeat domain 72 OS=Rattus norvegicus (Rat) OX=10116 GN=Wdr72",143087503,925,103083.06575649,49657065,2,3,2,3,5,12.9756434301531,13.1706599382897,-0.195016508136595,0.0015052200988853,0.0551294413136052,0.138307955256779,2.15992914190363,-1.41001656610809,0.857351747902306,-0.579201851228416,Inf,"greater",0,0.95,-0.195016508136595
"tr|A0A0G2K6W0|A0A0G2K6W0_RAT",2044576,1,1,13.7627889591935,13.535995603178,13.7799562920159,14.2517979594476,14.1542825356719,13.9778072069874,3660,"Rattus_norvegicus_UniProt_2020-06-29","Ubiquitin-like domain-containing protein OS=Rattus norvegicus (R",143087888,87,9762.7346948842,49657703,3,3,3,3,6,13.6929136181292,14.127962567369,-0.435048949239794,0.0185411268912104,0.0192872886570232,0.112291904647714,3.99844431833495,-3.8742681460845,0.991029261318754,-0.674464848741943,Inf,"greater",0,0.95,-0.435048949239794
"tr|A0A0G2K7M1|A0A0G2K7M1_RAT",2044576,2,6,14.6252927527334,13.8996095392133,14.5068536338724,14.6141655918993,15.0897835569104,14.6807276503026,3660,"Rattus_norvegicus_UniProt_2020-06-29","Glyceraldehyde-3-phosphate dehydrogenase OS=Rattus norvegicus (R",143087968,333,35669.03515625,249168,3,3,3,3,6,14.3439186419397,14.7948922663708,-0.450973624431084,0.151564890293299,0.0663282818318346,0.269501497908721,3.46913268218033,-1.67336221850547,0.909806518993313,-1.05172555922536,Inf,"greater",0,0.95,-0.450973624431084
"tr|A0A0G2K8S2|A0A0G2K8S2_RAT",2044576,5,8,16.8360958578339,16.3714678265647,16.6661680519114,16.9992602422308,17.1529928236003,17.4017945306456,3660,"Rattus_norvegicus_UniProt_2020-06-29","Gp_dh_N domain-containing protein OS=Rattus norvegicus (Rat) OX=",143088092,335,35929.23046875,223175,3,3,3,3,6,16.6245772454367,17.1846825321589,-0.560105286722209,0.0552671482476847,0.0412616415588101,0.179377432440181,3.91752995088633,-3.12249584076857,0.98176926181695,-0.944835251796488,Inf,"greater",0,0.95,-0.560105286722209
"tr|A0A0G2K904|A0A0G2K904_RAT",2044576,1,1,17.4185686423266,18.5084696050705,19.0103813179885,18.909032325065,19.417471819383,18.0479230174089,3660,"Rattus_norvegicus_UniProt_2020-06-29","RCG56631, isoform CRA_d OS=Rattus norvegicus (Rat) OX=10116 GN=S",143088120,1034,117097.64230029,49658115,3,3,3,3,6,18.3124731884619,18.791475720619,-0.479002532157068,0.662277845092113,0.47928064668386,0.616862624300304,3.89978489255586,-0.776514110739635,0.759076399634951,-1.80382913873634,Inf,"greater",0,0.95,-0.479002532157068
"tr|A0A0G2KA35|A0A0G2KA35_RAT",2044576,1,1,12.7328796918052,11.7997782336657,13.2063683453576,12.9815110157566,11.4258820123013,NA,3660,"Rattus_norvegicus_UniProt_2020-06-29","Cofilin, non-muscle isoform OS=Rattus norvegicus (Rat) OX=10116",143088253,162,17932.261201547,19361557,3,2,3,2,5,12.5796754236095,12.203696514029,0.375978909580532,0.512227596422361,1.20999079819574,0.880759860142739,1.58112390645066,0.426880159501818,0.360201028887129,-2.72641628961054,Inf,"greater",0,0.95,0.375978909580532
"tr|A0A0G2KA68|A0A0G2KA68_RAT",2044576,1,1,12.1211708554134,13.1064369822493,12.8462795650431,13.3555508935519,12.9515542843086,13.4542196075521,3660,"Rattus_norvegicus_UniProt_2020-06-29","Zinc finger protein 646 OS=Rattus norvegicus (Rat) OX=10116 GN=Z",143088259,1786,197683.859375,5198160,3,3,3,3,6,12.6912958009019,13.2537749284708,-0.562479127568901,0.260702310533071,0.0709368670990091,0.332485176427501,3.01336872717049,-1.69174197061249,0.905565891483169,-1.34352441398514,Inf,"greater",0,0.95,-0.562479127568901
"tr|A0A0G2KA73|A0A0G2KA73_RAT",2044576,1,1,12.2650582533152,13.1186429992816,13.6700450073506,12.3479673279288,12.279140438896,13.5062881735356,3660,"Rattus_norvegicus_UniProt_2020-06-29","HMG box domain-containing protein OS=Rattus norvegicus (Rat) OX=",143088260,163,18700.483976052,49658354,3,3,3,3,6,13.0179154199825,12.7111319801201,0.306783439862343,0.501106478677277,0.475389314108685,0.570524843977298,3.99722754639883,0.537721438603207,0.309654952516157,-0.909730539374137,Inf,"greater",0,0.95,0.306783439862343
"tr|A0A0G2KB78|A0A0G2KB78_RAT",2044576,1,1,11.5153006768595,12.0075791606123,11.808594027731,12.6769705791376,11.9441629858548,11.5637468721303,3660,"Rattus_norvegicus_UniProt_2020-06-29","Dynein light chain OS=Rattus norvegicus (Rat) OX=10116 GN=LOC100",143088379,90,10419.891159699,49658545,3,3,3,3,6,11.7771579550676,12.0616268123742,-0.284468857306639,0.0613256963898501,0.320165068366213,0.356600039613039,2.73906051494143,-0.797725254364321,0.755819350169524,-1.157296429783,Inf,"greater",0,0.95,-0.284468857306639
"tr|A0A0H2UHM7|A0A0H2UHM7_RAT",2044576,12,16,17.8135216205173,17.2969862386749,17.3069242152134,17.9640898122296,18.4645172732897,17.8883002888896,3660,"Rattus_norvegicus_UniProt_2020-06-29","Tubulin alpha chain OS=Rattus norvegicus (Rat) OX=10116 GN=LOC10",143088430,448,49774.44140625,240669,3,3,3,3,6,17.4724773581352,18.1056357914696,-0.633158433334415,0.0872580825222482,0.0980329514570586,0.248522992886176,3.98651940488443,-2.5476855319556,0.968166150581901,-1.1634865566712,Inf,"greater",0,0.95,-0.633158433334415
"tr|B2GUX8|B2GUX8_RAT",2044576,1,2,13.3405344527291,NA,12.0582686049567,13.1256487515698,14.1456432277158,12.4317700977357,3660,"Rattus_norvegicus_UniProt_2020-06-29","RCG34685, isoform CRA_b OS=Rattus norvegicus (Rat) OX=10116 GN=S",143088840,392,43413.90234375,5212360,2,3,2,3,5,12.6994015288429,13.2343540256738,-0.534952496830863,0.822102852181725,0.743202903880437,0.811656163276262,2.17380366705966,-0.659087580474372,0.713602087079538,-2.78067342795934,Inf,"greater",0,0.95,-0.534952496830863
"tr|B2GV73|B2GV73_RAT",2044576,1,1,11.4029694027079,11.5877826533498,NA,11.9262205996761,11.2422035280577,11.899552398283,3660,"Rattus_norvegicus_UniProt_2020-06-29","Actin-related protein 2/3 complex subunit 3 OS=Rattus norvegicus",143088883,178,20522.33203125,5211976,2,3,2,3,5,11.4953760280288,11.6893255086723,-0.193949480643465,0.0170779688064054,0.150116347402898,0.242028442276595,2.58998684739685,-0.801349952175517,0.755067511999734,-0.802238670145304,Inf,"greater",0,0.95,-0.193949480643465
"tr|B4F7C2|B4F7C2_RAT",2044576,6,10,15.4948483984923,13.1015329180069,14.0151807250412,14.7530485235882,15.224983316688,15.2884670942545,3660,"Rattus_norvegicus_UniProt_2020-06-29","Tubulin beta chain OS=Rattus norvegicus (Rat) OX=10116 GN=Tubb4a",143089067,444,49553.8984375,63536,3,3,3,3,6,14.2038540138468,15.0888329781769,-0.8849789643301,1.45868795471427,0.0855709474611032,0.717462868301763,2.23384707656351,-1.23348399398682,0.834319929150708,-2.83779892189464,Inf,"greater",0,0.95,-0.8849789643301
"tr|D3Z8G4|D3Z8G4_RAT",2044576,1,1,11.8219373718801,NA,12.0017208221894,NA,13.3000421930602,13.5614738370912,3660,"Rattus_norvegicus_UniProt_2020-06-29","ADAM metallopeptidase with thrombospondin type 1 motif, 18 OS=Ra",143089301,1054,118248.24005191,49659027,2,2,2,2,4,11.9118290970348,13.4307580150757,-1.51892891804095,0.0161610445025678,0.0341732522503593,0.158641572030989,1.77295886752557,-9.57459572919665,0.992176535565289,-2.02526158965048,Inf,"greater",0,0.95,-1.51892891804095
"tr|D3Z8P5|D3Z8P5_RAT",2044576,1,1,12.4500539155847,13.193532077671,13.283851822313,13.389650922806,13.5445781173388,12.8583423211927,3660,"Rattus_norvegicus_UniProt_2020-06-29","Pyridoxal kinase OS=Rattus norvegicus (Rat) OX=10116 GN=RGD15660",143089331,319,35247.75114672,49659037,3,3,3,3,6,12.9758126051896,13.2641904537792,-0.288377848589599,0.2093560638393,0.129535138944417,0.33610077991763,3.78975574335287,-0.858010054782597,0.779122306988738,-1.01646824584676,Inf,"greater",0,0.95,-0.288377848589599
"tr|D3Z947|D3Z947_RAT",2044576,1,1,14.6658233218524,14.632141705437,14.2275491041389,14.8434431008519,15.3734171171697,15.1173846565271,3660,"Rattus_norvegicus_UniProt_2020-06-29","G_PROTEIN_RECEP_F1_2 domain-containing protein OS=Rattus norvegi",143089385,316,35413.61328125,235171,3,3,3,3,6,14.5085047104761,15.1114149581829,-0.602910247706779,0.0594856523703002,0.0702448424667531,0.207950711176994,3.97267513253038,-2.89929399276553,0.977742119081421,-1.04710686576261,Inf,"greater",0,0.95,-0.602910247706779
"tr|D3Z9D2|D3Z9D2_RAT",2044576,1,1,13.8144713156297,14.1869569208661,13.9123261049982,14.00692167781,14.4155721149105,13.9230262045859,3660,"Rattus_norvegicus_UniProt_2020-06-29","FYVE and coiled-coil domain autophagy adaptor 1 OS=Rattus norveg",143089423,1451,163451.234375,7281894,3,3,3,3,6,13.9712514471647,14.1151733324355,-0.143921885270792,0.0372905284891587,0.0694391839912379,0.188617525237712,3.66726587223209,-0.763035593269554,0.754220958739759,-0.556740461961813,Inf,"greater",0,0.95,-0.143921885270792
"tr|D3Z9Z5|D3Z9Z5_RAT",2044576,1,1,12.0580627730637,12.6124649184719,NA,12.5686413823758,14.2911491105474,12.5350597688132,3660,"Rattus_norvegicus_UniProt_2020-06-29","RRM domain-containing protein OS=Rattus norvegicus (Rat) OX=1011",143089503,597,68235.258053944,49659082,2,3,2,3,5,12.3352638457678,13.1316167539121,-0.796352908144339,0.153680869416615,1.00866839575548,0.642699955884133,2.73311727512259,-1.23907416027255,0.844456892691227,-2.37101246531389,Inf,"greater",0,0.95,-0.796352908144339
"tr|D3ZAT7|D3ZAT7_RAT",2044576,1,1,NA,10.560906375006,11.7654497782409,NA,12.1917655795705,13.0506221170514,3660,"Rattus_norvegicus_UniProt_2020-06-29","FAM83 domain-containing protein OS=Rattus norvegicus (Rat) OX=10",143089631,500,55591.203125,5198549,2,2,2,2,4,11.1631780766234,12.621193848311,-1.45801577168753,0.725462405138326,0.368817275986848,0.739689016115953,1.8079547857986,-1.97111994354527,0.899583122307103,-3.78278818317499,Inf,"greater",0,0.95,-1.45801577168753
"tr|D3ZBN3|D3ZBN3_RAT",2044576,1,1,14.5856943466068,12.6927444322691,13.5280806518327,14.2595323418538,14.5415806599912,14.1298399322131,3660,"Rattus_norvegicus_UniProt_2020-06-29","Receptor protein-tyrosine kinase OS=Rattus norvegicus (Rat) OX=1",143089710,977,108671.0859375,5425862,3,3,3,3,6,13.6021731435695,14.310317644686,-0.708144501116466,0.899932117546622,0.0443169669656244,0.561025574138484,2.19650262622839,-1.26223212231261,0.837845069680063,-2.25063339775492,Inf,"greater",0,0.95,-0.708144501116466
"tr|D3ZC46|D3ZC46_RAT",2044576,2,2,16.4355542091611,13.9953565066223,12.3297205567882,12.7832542970558,13.5327150931332,12.4882265082766,3660,"Rattus_norvegicus_UniProt_2020-06-29","Transcription factor 25 OS=Rattus norvegicus (Rat) OX=10116 GN=T",143089764,664,75274.032750056,49659151,3,3,3,3,6,14.2535437575239,12.9347319661552,1.3188117913687,4.26446298763554,0.289948214150775,1.2321270499677,2.27071543452596,1.07035373616972,0.192452607552415,-2.00287171139445,Inf,"greater",0,0.95,1.3188117913687
"tr|D3ZF45|D3ZF45_RAT",2044576,1,1,11.9046459103176,12.9889442641375,13.1059386036799,13.3060176845275,13.2481262262541,14.1005292277685,3660,"Rattus_norvegicus_UniProt_2020-06-29","HTH La-type RNA-binding domain-containing protein OS=Rattus norv",143090176,737,81034.978437827,49659260,3,3,3,3,6,12.6665095927117,13.55155771285,-0.885048120138324,0.438749121784558,0.226865148379174,0.471032295482922,3.63196230579035,-1.87895422166528,0.92967753400282,-1.91917888632949,Inf,"greater",0,0.95,-0.885048120138324
"tr|D3ZGU4|D3ZGU4_RAT",2044576,1,1,13.8283874262335,13.3785997482298,13.8628611592938,13.6196479288992,13.2957875848922,14.1295304036912,3660,"Rattus_norvegicus_UniProt_2020-06-29","Olfactory receptor OS=Rattus norvegicus (Rat) OX=10116 GN=Olr332",143090406,319,35367.92578125,233541,3,3,3,3,6,13.6899494445857,13.6816553058275,0.00829413875817586,0.0730010846334481,0.176665458069878,0.288482548694213,3.41180357634215,0.0287509202747911,0.489332102306224,-0.63847195552989,Inf,"greater",0,0.95,0.00829413875817586
"tr|D3ZGY4|D3ZGY4_RAT",2044576,5,5,15.9849373013328,14.7100124100902,14.8277459897859,15.1920717861378,17.0163632517262,15.1055902846681,3660,"Rattus_norvegicus_UniProt_2020-06-29","Glyceraldehyde-3-phosphate dehydrogenase OS=Rattus norvegicus (R",143090419,333,35800.13671875,246557,3,3,3,3,6,15.1742319004029,15.7713417741774,-0.59710987377443,0.496397734269606,1.16442862219257,0.744048913370212,3.44297079105677,-0.802514274323428,0.763016817866684,-2.259994250953,Inf,"greater",0,0.95,-0.59710987377443
"tr|D3ZJT1|D3ZJT1_RAT",2044576,1,1,11.9494656271306,12.3501671506078,12.7576050979676,11.4744654413795,12.3745858019195,12.008254438847,3660,"Rattus_norvegicus_UniProt_2020-06-29","WD repeat-containing protein 76 OS=Rattus norvegicus (Rat) OX=10",143090810,622,68763.794346021,49659401,3,3,3,3,6,12.3524126252353,11.952435227382,0.399977397853389,0.163276132698411,0.204891004141098,0.350317540163925,3.9495392720909,1.14175669784113,0.159007951932255,-0.349595901213716,Inf,"greater",0,0.95,0.399977397853389
"tr|D3ZMM2|D3ZMM2_RAT",2044576,1,1,12.7050037710033,12.8371331711859,11.9795127364856,11.6183332623158,13.6416442410676,12.7450709805553,3660,"Rattus_norvegicus_UniProt_2020-06-29","WD repeat domain 90 OS=Rattus norvegicus (Rat) OX=10116 GN=Wdr90",143091171,1891,204797.34446685,49659484,3,3,3,3,6,12.5072165595583,12.6683494946462,-0.161132935087988,0.213218038262267,1.0278614689845,0.643189839069506,2.79552209167662,-0.250521580566473,0.590272710252828,-1.72101341732981,Inf,"greater",0,0.95,-0.161132935087988
"tr|D3ZRJ5|D3ZRJ5_RAT",2044576,1,1,12.4988591767463,12.6817349343538,12.9564729276964,13.1838134629375,13.1740752277332,13.2944917075654,3660,"Rattus_norvegicus_UniProt_2020-06-29","Uncharacterized protein OS=Rattus norvegicus (Rat) OX=10116 GN=E",143091681,1297,147594.296875,5217525,3,3,3,3,6,12.7123556795988,13.2174601327454,-0.505104453146531,0.053055808794166,0.00447410594566641,0.138479739480585,2.33493139902324,-3.64749713597884,0.973345995892258,-0.87255560486175,Inf,"greater",0,0.95,-0.505104453146531
"tr|D3ZRN3|D3ZRN3_RAT",2044576,3,4,15.0948710817382,15.2606190114974,14.9930785043419,15.2414810230634,15.8340910184749,15.32054596147,3660,"Rattus_norvegicus_UniProt_2020-06-29","Actin, beta-like 2 OS=Rattus norvegicus (Rat) OX=10116 GN=Actbl2",143091703,376,41935.8984375,222016,3,3,3,3,6,15.1161895325258,15.4653726676695,-0.349183135143628,0.0182353380002408,0.103527732786846,0.201463868379326,2.68335729693983,-1.73322957586702,0.903917989889836,-0.847002225718353,Inf,"greater",0,0.95,-0.349183135143628
"tr|D3ZW24|D3ZW24_RAT",2044576,1,1,12.7288771136786,12.6087239716591,NA,11.8255122458915,13.8188577490504,12.9284378617409,3660,"Rattus_norvegicus_UniProt_2020-06-29","Homeobox protein OS=Rattus norvegicus (Rat) OX=10116 GN=Hoxb9 PE",143092317,250,27997.970703125,212947,2,3,2,3,5,12.6688005426688,12.8576026188943,-0.18880207622542,0.00721838876857996,0.997119797462743,0.579639940139742,2.04318942048605,-0.325723027609006,0.612512214468747,-1.85719408689034,Inf,"greater",0,0.95,-0.18880207622542
"tr|D3ZZS8|D3ZZS8_RAT",2044576,1,1,10.962751439473,12.0907815186931,11.891893634135,12.2907980372725,11.9590238705363,11.9755865610836,3660,"Rattus_norvegicus_UniProt_2020-06-29","ATPase H+-transporting V1 subunit B1 OS=Rattus norvegicus (Rat)",143092803,611,67204.788371728,49659913,3,3,3,3,6,11.648475530767,12.0751361562975,-0.426660625530431,0.362552244691746,0.0349511158588197,0.364007033151177,2.38206121080859,-1.17212192807613,0.82750838364349,-1.38195028556828,Inf,"greater",0,0.95,-0.426660625530431
"tr|D4A133|D4A133_RAT",2044576,1,1,12.2116115284373,11.9665504568005,13.0235970936189,13.4628376377795,13.4091999785686,12.7635060254409,3660,"Rattus_norvegicus_UniProt_2020-06-29","H(+)-transporting two-sector ATPase OS=Rattus norvegicus (Rat) O",143092964,617,68221.5546875,229653,3,3,3,3,6,12.4005863596189,13.2118478805964,-0.811261520977469,0.3061205132174,0.151477063934568,0.390554126488663,3.58999473393835,-2.07720637411065,0.94285604761464,-1.6719501981257,Inf,"greater",0,0.95,-0.811261520977469
"tr|D4A1R0|D4A1R0_RAT",2044576,1,1,12.4373515570435,13.0232881023322,12.3056035651264,13.0146130624892,13.194045794933,13.6907196703445,3660,"Rattus_norvegicus_UniProt_2020-06-29","DEAH-box helicase 37 OS=Rattus norvegicus (Rat) OX=10116 GN=Dhx3",143093053,1150,128549.9140625,5202680,3,3,3,3,6,12.5887477415007,13.2997928425889,-0.711045101088191,0.145958377237233,0.122666864862336,0.299235270926612,3.97015243404707,-2.376207520211,0.961605165852119,-1.35034931299163,Inf,"greater",0,0.95,-0.711045101088191
"tr|D4A7S9|D4A7S9_RAT",2044576,1,1,11.5017774859413,11.2635044572959,11.3042614131874,12.3723304371993,12.77413844216,11.9505322871915,3660,"Rattus_norvegicus_UniProt_2020-06-29","Tripartite motif protein 45 (Predicted), isoform CRA_b OS=Rattus",143093858,579,64113.8671875,229242,3,3,3,3,6,11.3565144521415,12.3656670555169,-1.00915260337538,0.0162412941049212,0.169615075117086,0.248901834211808,2.37953546080499,-4.05442011534805,0.979328856891182,-1.66274129963918,Inf,"greater",0,0.95,-1.00915260337538
"tr|D4A901|D4A901_RAT",2044576,1,1,13.6937570019481,13.5919502056659,14.0615625567,13.4691554678023,14.4293073501071,14.0185758462956,3660,"Rattus_norvegicus_UniProt_2020-06-29","BAI1-associated protein 2-like 2 OS=Rattus norvegicus (Rat) OX=1",143094023,521,58732.921816514,49660245,3,3,3,3,6,13.7824232547713,13.9723462214017,-0.189922966630371,0.0610302183532406,0.23207579293675,0.312573197448742,2.98386152074453,-0.607611171336968,0.706716627833309,-0.927146106978248,Inf,"greater",0,0.95,-0.189922966630371
"tr|E9PSQ0|E9PSQ0_RAT",2044576,1,1,12.2110913077931,13.0128782534864,12.8415505477534,13.6011923752076,13.9756052897298,13.1244543064981,3660,"Rattus_norvegicus_UniProt_2020-06-29","Acetyl-CoA carboxylase OS=Rattus norvegicus (Rat) OX=10116 GN=Ac",143094896,2460,276080.8529474,49660464,3,3,3,3,6,12.6885067030109,13.5670839904785,-0.878577287467589,0.178282390381199,0.181987035495676,0.346539764854807,3.99957708559404,-2.53528563406192,0.967845646912657,-1.61736941682747,Inf,"greater",0,0.95,-0.878577287467589
"tr|E9PTN6|E9PTN6_RAT",2044576,1,3,14.911204241752,15.140063121323,14.3930167018558,15.1753699956565,15.2365554000803,15.3035969674262,3660,"Rattus_norvegicus_UniProt_2020-06-29","Glyceraldehyde-3-phosphate dehydrogenase OS=Rattus norvegicus (R",143094977,333,35992.2734375,239367,3,3,3,3,6,14.8147613549769,15.2385074543876,-0.423746099410709,0.146495511016847,0.00411339695932121,0.224060191299993,2.11222614095672,-1.89121546738018,0.903821971538551,-1.05489804730873,Inf,"greater",0,0.95,-0.423746099410709
"tr|F1LM47|F1LM47_RAT",2044576,1,1,13.3679347812911,11.7561135767163,13.176849053374,13.9852825464777,13.7010237440145,13.1812480662995,3660,"Rattus_norvegicus_UniProt_2020-06-29","Succinate--CoA ligase [ADP-forming] subunit beta, mitochondrial",143095045,465,50274.15234375,224276,3,3,3,3,6,12.7669658037938,13.6225181189306,-0.855552315136757,0.775495107594077,0.166240211206228,0.560278299538216,2.81979418535604,-1.52701312158959,0.885085727094971,-2.20916314290539,Inf,"greater",0,0.95,-0.855552315136757
"tr|F1LRJ8|F1LRJ8_RAT",2044576,1,1,13.1059854197095,13.4102777542157,14.7628379199662,14.4998995913258,14.8093983656085,13.7568439825184,3660,"Rattus_norvegicus_UniProt_2020-06-29","LIM homeobox transcription factor 1 alpha OS=Rattus norvegicus (",143095227,382,42815.75390625,229412,3,3,3,3,6,13.7597003646305,14.3553806464842,-0.595680281853788,0.777862172403505,0.292631976404129,0.597353649805438,3.31823567610209,-0.997198698037259,0.807139105644976,-1.94817364539207,Inf,"greater",0,0.95,-0.595680281853788
"tr|F1LZI1|F1LZI1_RAT",2044576,1,1,13.7250711697404,13.4974654617233,13.3240779472599,13.8198265138313,13.8052440811631,13.6544994209449,3660,"Rattus_norvegicus_UniProt_2020-06-29","Similar to heat shock protein 8 OS=Rattus norvegicus (Rat) OX=10",143095813,646,70816.1640625,5208312,3,3,3,3,6,13.5155381929079,13.7598566719798,-0.244318479071893,0.0404438588281885,0.00837827459485052,0.127569763166459,2.79453547373217,-1.91517545386594,0.920961778144088,-0.553752562217229,Inf,"greater",0,0.95,-0.244318479071893
"tr|F1M1Y1|F1M1Y1_RAT",2044576,2,3,15.1248834216396,15.3142987264252,15.2129903739416,14.7395497910517,15.057367767733,15.5015809283619,3660,"Rattus_norvegicus_UniProt_2020-06-29","Uncharacterized protein OS=Rattus norvegicus (Rat) OX=10116 GN=E",143095987,186,21067.28515625,5217568,3,3,3,3,6,15.2173908406688,15.0994994957155,0.117891344953295,0.0089840625023244,0.146504175434693,0.227660740237908,2.24437268043505,0.51783783550074,0.325572984262185,-0.500050152735202,Inf,"greater",0,0.95,0.117891344953295
"tr|F1M6C2|F1M6C2_RAT",2044576,2,2,14.0675385591051,14.2899171950758,14.1183459909878,14.3312479992659,14.7070743615353,14.1882979787429,3660,"Rattus_norvegicus_UniProt_2020-06-29","Tr-type G domain-containing protein OS=Rattus norvegicus (Rat) O",143096269,410,44274.75,5202701,3,3,3,3,6,14.1586005817229,14.4088734465147,-0.250272864791819,0.0135783884904832,0.0718015163812321,0.168700824807029,2.73032198603443,-1.48353077157802,0.878427305411696,-0.663795427071066,Inf,"greater",0,0.95,-0.250272864791819
"tr|F1M9V3|F1M9V3_RAT",2044576,1,1,16.1955782919743,15.8828733692551,16.059650012757,16.0036113829156,16.4753023120239,16.2451599577894,3660,"Rattus_norvegicus_UniProt_2020-06-29","2-phospho-D-glycerate hydro-lyase OS=Rattus norvegicus (Rat) OX=",143096495,357,39646.125,5200850,3,3,3,3,6,16.0460338913288,16.241357884243,-0.195323992914144,0.0245851412452651,0.0556339249732195,0.1635227468565,3.47884275583893,-1.19447597761767,0.846336553972644,-0.559489504153083,Inf,"greater",0,0.95,-0.195323992914144
"tr|F1M9V7|F1M9V7_RAT",2044576,4,4,12.5806566436363,13.0308045364752,13.3872809517349,13.5669320813309,14.0747193283798,12.3047580565432,3660,"Rattus_norvegicus_UniProt_2020-06-29","Aminopeptidase OS=Rattus norvegicus (Rat) OX=10116 GN=Npepps PE=",143096498,920,103278.8046875,229406,3,3,3,3,6,12.9995807106155,13.3154698220846,-0.315889111469142,0.163391889079861,0.830615676819334,0.575617803146959,2.75753395010812,-0.548782733511967,0.687781545517971,-1.72049320858591,Inf,"greater",0,0.95,-0.315889111469142
"tr|F7FGY2|F7FGY2_RAT",2044576,1,1,12.800357978826,13.0738538138585,14.0911742208398,14.0727858106982,14.106894133431,13.6171389527612,3660,"Rattus_norvegicus_UniProt_2020-06-29","IRF tryptophan pentad repeat domain-containing protein OS=Rattus",143096727,456,50770.541376279,49662205,3,3,3,3,6,13.3217953378414,13.9322729656301,-0.610477627788736,0.462657892147952,0.0747729289700682,0.423253596605321,2.63000843960007,-1.44234480860891,0.871554385707615,-1.66635443141006,Inf,"greater",0,0.95,-0.610477627788736
"tr|G3V6B9|G3V6B9_RAT",2044576,1,1,12.220320884796,12.8745640335793,12.8109742029776,12.1534651039724,12.0440149522319,12.7336413552246,3660,"Rattus_norvegicus_UniProt_2020-06-29","Tyrosine-protein phosphatase non-receptor type OS=Rattus norvegi",143096809,926,105745.8828125,223900,3,3,3,3,6,12.6352863737843,12.3103738038097,0.324912569974641,0.130158184427429,0.137361398989589,0.298618811316935,3.99710207739206,1.0880512468111,0.168891268255332,-0.311829618157058,Inf,"greater",0,0.95,0.324912569974641
"tr|G3V7Q7|G3V7Q7_RAT",2044576,1,1,13.569206486838,13.742157536719,13.8744366365224,13.8327839231076,14.2590959061793,14.4632166200705,3660,"Rattus_norvegicus_UniProt_2020-06-29","IQ motif containing GTPase activating protein 1 (Predicted), iso",143096939,1657,188714.27819459,19344405,3,3,3,3,6,13.7286002200265,14.1850321497858,-0.456431929759288,0.0234292116960193,0.103475426358308,0.205673396476329,2.86152377151711,-2.21920743070833,0.941282062986719,-0.95015622382612,Inf,"greater",0,0.95,-0.456431929759288
"tr|G3V9A3|G3V9A3_RAT",2044576,3,3,15.5812388382624,15.5672074675457,15.6661900796187,15.4636923112027,16.0587098887052,15.6863534526759,3660,"Rattus_norvegicus_UniProt_2020-06-29","14_3_3 domain-containing protein OS=Rattus norvegicus (Rat) OX=1",143097092,248,27729.717533038,49662752,3,3,3,3,6,15.6048787951423,15.7362518841946,-0.131373089052328,0.00286852504416061,0.0903788694852621,0.176302197499467,2.12682780119582,-0.745158545472615,0.73510588972101,-0.62583643509487,Inf,"greater",0,0.95,-0.131373089052328
"tr|M0R5J4|M0R5J4_RAT",2044576,8,11,16.3766923077745,15.9094813447715,15.7116783559509,16.083933217469,16.7717597431676,16.3832853124405,3660,"Rattus_norvegicus_UniProt_2020-06-29","2-phospho-D-glycerate hydro-lyase OS=Rattus norvegicus (Rat) OX=",143097427,434,47045.15086572,49663065,3,3,3,3,6,15.9992840028323,16.4129927576924,-0.413708754860094,0.116609277076108,0.118938231591189,0.280206774048081,3.99960899481219,-1.47644094710253,0.893060441294971,-1.01108344504715,Inf,"greater",0,0.95,-0.413708754860094
"tr|M0R6Y8|M0R6Y8_RAT",2044576,3,5,14.4196975465898,15.0422484941809,14.5679216442212,14.8656134060287,15.2877145435904,15.4150473111527,3660,"Rattus_norvegicus_UniProt_2020-06-29","Phosphoglycerate kinase OS=Rattus norvegicus (Rat) OX=10116 GN=R",143097598,395,41934.667535947,33534431,3,3,3,3,6,14.6766225616639,15.1894584202573,-0.512835858593331,0.105754337676349,0.0827101033542977,0.250642136009788,3.94107756230273,-2.04608796732128,0.944387576247997,-1.04947009344298,Inf,"greater",0,0.95,-0.512835858593331
"tr|M0R8B6|M0R8B6_RAT",2044576,2,2,14.361523703058,13.656817215853,13.8352796987802,14.8750279249902,14.6047113192232,14.4264890709172,3660,"Rattus_norvegicus_UniProt_2020-06-29","Tubulin beta chain OS=Rattus norvegicus (Rat) OX=10116 GN=Tubb1",143097750,452,50383.59765625,5211861,3,3,3,3,6,13.9512068725637,14.6354094383769,-0.684202565813134,0.134232140493277,0.051003556792953,0.248485879737146,3.32811626317149,-2.75348670329637,0.968597162517895,-1.24620887004534,Inf,"greater",0,0.95,-0.684202565813134
"tr|M0RC65|M0RC65_RAT",2044576,1,1,12.9159689844407,13.2918268471717,11.8453873398531,12.5969516871288,13.4026403805148,13.2192036655167,3660,"Rattus_norvegicus_UniProt_2020-06-29","ADF-H domain-containing protein OS=Rattus norvegicus (Rat) OX=10",143098202,166,18697.837890625,114308,3,3,3,3,6,12.6843943904885,13.0729319110534,-0.388537520564951,0.563266906506072,0.178330137277839,0.497191124814831,3.15102536759766,-0.781465117080788,0.75548924804908,-1.53609649815881,Inf,"greater",0,0.95,-0.388537520564951
"tr|M0RD14|M0RD14_RAT",2044576,6,6,15.7849808586747,15.291624906215,15.9505260155607,15.9715794549432,16.2743512153099,15.8050335938236,3660,"Rattus_norvegicus_UniProt_2020-06-29","Pyruvate kinase OS=Rattus norvegicus (Rat) OX=10116 GN=LOC100362",143098305,486,52739.327606128,49663806,3,3,3,3,6,15.6757105934835,16.0169880880256,-0.341277494542119,0.117492661115475,0.0566112154282017,0.24090376816181,3.56417507882877,-1.41665486242162,0.881123816663577,-0.873433181904168,Inf,"greater",0,0.95,-0.341277494542119
"tr|O88752|O88752_RAT",2044576,1,1,14.7330762450212,13.2314261835274,11.3504588633448,12.9584648261907,15.891095886285,12.3537942743553,3660,"Rattus_norvegicus_UniProt_2020-06-29","GLOBIN domain-containing protein OS=Rattus norvegicus (Rat) OX=1",143098451,147,16094.463867188,218134,3,3,3,3,6,13.1049870972978,13.734451662277,-0.629464564979232,2.8725152195999,3.57974235077454,1.4665444157809,3.95251375548404,-0.429216161614891,0.654937319286356,-3.76673612021315,Inf,"greater",0,0.95,-0.629464564979232
"tr|Q4V8G6|Q4V8G6_RAT",2044576,1,1,12.2354907312083,12.5548041594702,11.9896628617912,12.1743457904736,14.6185403634049,13.3240797685417,3660,"Rattus_norvegicus_UniProt_2020-06-29","Methyltransferase-like 3 OS=Rattus norvegicus (Rat) OX=10116 GN=",143098696,580,64644.71484375,212870,3,3,3,3,6,12.2599859174899,13.3723219741401,-1.11233605665019,0.0802961821987839,1.49526726038741,0.724698429828159,2.21418324048026,-1.5348950830678,0.873611712209787,-3.09524878577874,Inf,"greater",0,0.95,-1.11233605665019
"tr|Q568Y6|Q568Y6_RAT",2044576,1,1,11.9643553091119,11.7899673016864,12.0797129268288,11.9624649553234,11.5353288447858,NA,3660,"Rattus_norvegicus_UniProt_2020-06-29","DNA methyltransferase 1-associated protein 1 OS=Rattus norvegicu",143098724,468,53140.88671875,224809,3,2,3,2,5,11.9446785125424,11.7488969000546,0.195781612487794,0.0212785140647262,0.091222628462579,0.229573849235632,1.31924329918606,0.852804503385948,0.260295071374911,-0.781802530189852,Inf,"greater",0,0.95,0.195781612487794
"tr|Q6IFU9|Q6IFU9_RAT",2044576,1,1,13.644380198657,13.1363238540578,13.7321695617194,14.3008375412373,15.0010448358022,15.8231251600989,3660,"Rattus_norvegicus_UniProt_2020-06-29","IF rod domain-containing protein OS=Rattus norvegicus (Rat) OX=1",143099274,463,50745.71484375,234040,3,3,3,3,6,13.5042912048114,15.0416691790462,-1.53737797423475,0.103476721482195,0.580577651582827,0.477512433717707,2.69097296951091,-3.21955590195922,0.971718892226322,-2.71575266965866,Inf,"greater",0,0.95,-1.53737797423475
"tr|Q80ZA3|Q80ZA3_RAT",2044576,1,1,13.3068976063627,14.1542062191404,13.1344852117588,13.953849118081,14.0933127423476,14.174576912506,3660,"Rattus_norvegicus_UniProt_2020-06-29","SERPIN domain-containing protein OS=Rattus norvegicus (Rat) OX=1",143099544,418,46436.18359375,213970,3,3,3,3,6,13.5318630124206,14.0739129243116,-0.542049911890938,0.297914808665944,0.0124624545128044,0.321650567738112,2.16703679990002,-1.68521360214814,0.887842007362414,-1.43370903738745,Inf,"greater",0,0.95,-0.542049911890938
"tr|Q925A6|Q925A6_RAT",2044576,1,1,NA,11.6486972757319,11.9722705718923,NA,11.5632391805521,12.2684578410601,3660,"Rattus_norvegicus_UniProt_2020-06-29","DM domain-containing protein OS=Rattus norvegicus (Rat) OX=10116",143099586,374,39414.62890625,215741,2,2,2,2,4,11.8104839238121,11.9158485108061,-0.105364586993998,0.0523498389940624,0.248666679564373,0.387953939636161,1.40317568765727,-0.271590455023639,0.589768525294909,-1.6460294257526,Inf,"greater",0,0.95,-0.105364586993998
