"Protein","Job","Unique_Pep_count","Pep_count","Ion_127.125","Ion_127.131","Ion_128.128","Ion_130.135","Ion_130.141","Ion_131.138","Protein_Collection_ID","Protein_Collection","Description","Reference_ID","Residue_Count","Monoisotopic_Mass","Protein_ID","Count_ABP","Count_NP","obs.x","obs.y","obs.tot","mean.x","mean.y","mean.diff","var.x","var.y","stderr","df","statistic","pvalue","conf.low","conf.high","alternative","mean.null","conf.level","Log2FC"
"sp|D3ZQL7|TPPP_RAT",2044576,5,5,15.4102555647145,15.3523532000594,16.0761392215894,14.1763121775409,14.2864467725348,13.3070684326665,3660,"Rattus_norvegicus_UniProt_2020-06-29","Tubulin polymerization-promoting protein OS=Rattus norvegicus (R",143078509,218,23532.140625,224927,3,3,3,3,6,15.6129159954544,13.9232757942474,1.68964020120705,0.161769988881302,0.28781604160353,0.387120149516414,3.70850460052291,4.36464028885535,0.00709450990779062,0.845363807672591,Inf,"greater",0,0.95,1.68964020120705
"sp|D3ZWZ9|GP107_RAT",2044576,1,1,14.428041472554,15.5371022041099,14.926161031756,15.1464841703198,14.098551948681,14.6247623347104,3660,"Rattus_norvegicus_UniProt_2020-06-29","Protein GPR107 OS=Rattus norvegicus (Rat) OX=10116 GN=Gpr107 PE=",143078561,551,61962.4140625,5673553,3,3,3,3,6,14.96376823614,14.6232661512371,0.340502084902871,0.308564652935973,0.274542164210973,0.440872928460097,3.98642874764988,0.772336115288807,0.241575788797817,-0.600291537314521,Inf,"greater",0,0.95,0.340502084902871
"sp|D4ABB8|ATP9B_RAT",2044576,1,1,12.3553703689398,12.9032689020289,12.9770960140321,11.4369020113622,11.867784419007,11.5303770732112,3660,"Rattus_norvegicus_UniProt_2020-06-29","Probable phospholipid-transporting ATPase IIB OS=Rattus norvegic",143078639,1147,129095.1328125,212857,3,3,3,3,6,12.7452450950003,11.6116878345268,1.13355726047345,0.115364337132244,0.0513734922337355,0.235752574652593,3.48648286776611,4.80824975991829,0.00601848270642595,0.608926636079626,Inf,"greater",0,0.95,1.13355726047345
"sp|G3V9D0|PGLT1_RAT",2044576,1,1,12.4676946969163,12.8722629399528,11.7981460820506,NA,11.2757878627427,11.9189116740532,3660,"Rattus_norvegicus_UniProt_2020-06-29","Protein O-glucosyltransferase 1 OS=Rattus norvegicus (Rat) OX=10",143078743,392,46479.609397815,19344617,3,2,3,2,5,12.3793679063066,11.597349768398,0.782018137908613,0.294282972561933,0.206804118337331,0.448883485278726,2.61885954572412,1.74214058559769,0.0965043382535764,-0.340091012852925,Inf,"greater",0,0.95,0.782018137908613
"sp|O35095|NCDN_RAT",2044576,1,1,NA,12.1384809566701,11.6061311246216,10.4949789395825,10.7946916933462,NA,3660,"Rattus_norvegicus_UniProt_2020-06-29","Neurochondrin OS=Rattus norvegicus (Rat) OX=10116 GN=Ncdn PE=1 S",143078850,729,78872.671875,5657776,2,2,2,2,4,11.8723060406458,10.6448353164643,1.22747072418151,0.141698171840997,0.0449138673843074,0.305460340490631,1.57606084564541,4.0184291100113,0.0414245356206763,0.148302666089266,Inf,"greater",0,0.95,1.22747072418151
"sp|O35179|SH3G2_RAT",2044576,4,4,15.055796321025,15.1942841136042,15.3182941021386,14.1102598290262,13.9797667074321,13.3699299020418,3660,"Rattus_norvegicus_UniProt_2020-06-29","Endophilin-A1 OS=Rattus norvegicus (Rat) OX=10116 GN=Sh3gl2 PE=1",143078864,352,39874.04218714,19347117,3,3,3,3,6,15.1894581789226,13.8199854795001,1.36947269942253,0.0172437385065531,0.156169630796788,0.240425573586603,2.43634700463322,5.69603590413912,0.00921678545453489,0.746095253021779,Inf,"greater",0,0.95,1.36947269942253
"sp|O35814|STIP1_RAT",2044576,1,1,13.8851310418179,13.2682605819549,13.293365930694,12.5679926556361,12.1023788917895,12.5944645740145,3660,"Rattus_norvegicus_UniProt_2020-06-29","Stress-induced-phosphoprotein 1 OS=Rattus norvegicus (Rat) OX=10",143078932,543,62530.39453125,218292,3,3,3,3,6,13.4822525181556,12.42161204048,1.06064047767556,0.12189089825506,0.0766075430327964,0.257227811668863,3.80212566815362,4.12335070144341,0.00808214639202233,0.503966722808141,Inf,"greater",0,0.95,1.06064047767556
"sp|O88387|FGD4_RAT",2044576,1,1,11.9898202201176,NA,11.0623982018251,12.0659659786231,NA,10.7041803229258,3660,"Rattus_norvegicus_UniProt_2020-06-29","FYVE, RhoGEF and PH domain-containing protein 4 OS=Rattus norveg",143079120,766,86399.046875,216917,2,2,2,2,4,11.5261092109713,11.3850731507745,0.141036060196864,0.430055800006888,0.927230086031441,0.823797877527713,1.76339483743593,0.171202262161837,0.440829053835706,-2.49967381589592,Inf,"greater",0,0.95,0.141036060196864
"sp|O88600|HSP74_RAT",2044576,1,1,12.549146911619,13.0365421663075,13.0137842412513,11.7098450169868,12.5651233649565,NA,3660,"Rattus_norvegicus_UniProt_2020-06-29","Heat shock 70 kDa protein 4 OS=Rattus norvegicus (Rat) OX=10116",143079148,840,93997.1328125,230421,3,2,3,2,5,12.8664911063926,12.1374841909717,0.729006915420946,0.0756599842555921,0.365750526252945,0.456174591443163,1.28263799476932,1.59808750661593,0.156857496570076,-1.28022442657572,Inf,"greater",0,0.95,0.729006915420946
"sp|O88767|PARK7_RAT",2044576,1,1,11.8727210457733,12.6832531815805,12.8252851113495,10.7713612839567,NA,11.5318541581325,3660,"Rattus_norvegicus_UniProt_2020-06-29","Parkinson disease protein 7 homolog OS=Rattus norvegicus (Rat) O",143079166,189,19961.42578125,218150,3,2,3,2,5,12.4604197795677,11.1516077210446,1.30881205852316,0.264085618546194,0.289174705836075,0.482302697932984,2.18362073170487,2.71367351692695,0.0515220919828008,-0.0219747894056076,Inf,"greater",0,0.95,1.30881205852316
"sp|O88989|MDHC_RAT",2044576,6,6,16.3937281305754,16.0925842529337,16.5867201925541,14.7200929039948,14.3429871605896,14.4690140625565,3660,"Rattus_norvegicus_UniProt_2020-06-29","Malate dehydrogenase, cytoplasmic OS=Rattus norvegicus (Rat) OX=",143079202,334,36460.046875,213704,3,3,3,3,6,16.3576775253544,14.5106980423803,1.84697948297409,0.0620173163087424,0.0368553510577575,0.181542159810974,3.75669946271316,10.173832265173,0.000359536798198786,1.45264414088928,Inf,"greater",0,0.95,1.84697948297409
"sp|P00564|KCRM_RAT",2044576,1,1,15.8526046071779,15.9280757595274,15.7222840007201,13.6351210919131,13.52733648391,13.977808492812,3660,"Rattus_norvegicus_UniProt_2020-06-29","Creatine kinase M-type OS=Rattus norvegicus (Rat) OX=10116 GN=Ck",143079226,381,43017.796875,105218,3,3,3,3,6,15.8343214558085,13.7134220228784,2.12089943293013,0.0108382672162468,0.0553295345435531,0.148512403252837,2.75458850285022,14.2809582666262,0.000576893501727008,1.75832870966312,Inf,"greater",0,0.95,2.12089943293013
"sp|P00884|ALDOB_RAT",2044576,1,1,13.5686081345399,13.8398522863183,13.2440315106045,12.4434738192376,11.5315050626062,11.663962749218,3660,"Rattus_norvegicus_UniProt_2020-06-29","Fructose-bisphosphate aldolase B OS=Rattus norvegicus (Rat) OX=1",143079241,364,39593.21484375,5203349,3,3,3,3,6,13.5508306438209,11.8796472103539,1.67118343346699,0.0889876285752447,0.242811593349566,0.332565393030609,3.29237043631932,5.02512729372648,0.00605104781826264,0.916073140757728,Inf,"greater",0,0.95,1.67118343346699
"sp|P02091|HBB1_RAT",2044576,5,11,17.1717706297156,16.7140707796859,16.6320459391419,15.8548005991978,16.1673663902797,14.7515618416185,3660,"Rattus_norvegicus_UniProt_2020-06-29","Hemoglobin subunit beta-1 OS=Rattus norvegicus (Rat) OX=10116 GN",143079275,147,15969.248046875,5197304,3,3,3,3,6,16.8392957828478,15.5912429436987,1.24805283914912,0.0845866614663876,0.553222608331596,0.461089026037989,2.59762114785833,2.7067502557441,0.0429093701591343,0.0908661132570287,Inf,"greater",0,0.95,1.24805283914912
"sp|P02466|CO1A2_RAT",2044576,2,2,11.3725059736758,15.3964875765557,14.417377977061,12.5941815514649,14.8852134269755,12.114448366878,3660,"Rattus_norvegicus_UniProt_2020-06-29","Collagen alpha-2(I) chain OS=Rattus norvegicus (Rat) OX=10116 GN",143079280,1372,129485.609375,211151,3,3,3,3,6,13.7287905090975,13.1979477817728,0.530842727324703,4.40372151085641,2.19268500020948,1.48283585415086,3.59598718553737,0.357991564500367,0.370179683645825,-2.73519475036276,Inf,"greater",0,0.95,0.530842727324703
"sp|P02688|MBP_RAT",2044576,3,3,14.1851859412967,13.8244775492737,14.6478306637034,11.5244086473691,11.9575847714031,13.1567483201418,3660,"Rattus_norvegicus_UniProt_2020-06-29","Myelin basic protein OS=Rattus norvegicus (Rat) OX=10116 GN=Mbp",143079298,195,21488.966796875,219721,3,3,3,3,6,14.2191647180913,12.2129139129714,2.0062508051199,0.170343505714616,0.715027929727395,0.543252990616714,2.90175425424278,3.69303223318174,0.0182127405553887,0.709937925499419,Inf,"greater",0,0.95,2.0062508051199
"sp|P02770|ALBU_RAT",2044576,4,5,15.1836249147634,15.1308000322785,15.8919709823572,13.5863493814323,13.8656548860985,13.3790479824068,3660,"Rattus_norvegicus_UniProt_2020-06-29","Albumin OS=Rattus norvegicus (Rat) OX=10116 GN=Alb PE=1 SV=2",143079306,608,68686.0703125,5195985,3,3,3,3,6,15.4021319764664,13.6103507499792,1.79178122648716,0.180654305821497,0.059628618949205,0.283009378390365,3.1905725664071,6.3311726158265,0.00330479735686621,1.14166651782668,Inf,"greater",0,0.95,1.79178122648716
"sp|P04636|MDHM_RAT",2044576,4,5,16.3571816960675,16.0838900509867,15.6599265293799,15.3556784601077,14.4855625639559,14.994267685892,3660,"Rattus_norvegicus_UniProt_2020-06-29","Malate dehydrogenase, mitochondrial OS=Rattus norvegicus (Rat) O",143079343,338,35660.8125,245974,3,3,3,3,6,16.0336660921447,14.9451695699852,1.0884965221595,0.123433026399462,0.191083386923207,0.323788209236979,3.82312280186552,3.36175466279203,0.0151406618638879,0.388950984663945,Inf,"greater",0,0.95,1.0884965221595
"sp|P04642|LDHA_RAT",2044576,4,4,16.7419142041558,16.7491235431583,16.6516096632227,14.7625396097682,14.6956329695757,15.1744419990688,3660,"Rattus_norvegicus_UniProt_2020-06-29","L-lactate dehydrogenase A chain OS=Rattus norvegicus (Rat) OX=10",143079347,332,36427.34375,213426,3,3,3,3,6,16.7142158035122,14.8775381928042,1.83667761070801,0.00295264024368278,0.0672330272562564,0.152954968863322,2.17532791164504,12.007963025701,0.00249590737650776,1.41365755945879,Inf,"greater",0,0.95,1.83667761070801
"sp|P04905|GSTM1_RAT",2044576,2,2,14.836294006306,15.130451758828,15.2240309675641,11.8117102086112,10.0443560586858,12.791248373031,3660,"Rattus_norvegicus_UniProt_2020-06-29","Glutathione S-transferase Mu 1 OS=Rattus norvegicus (Rat) OX=101",143079366,218,25897.109375,5197416,3,3,3,3,6,15.0635922442327,11.5491048801093,3.51448736412341,0.0409376338003574,1.93807551557032,0.81220136037206,2.08445362694494,4.3271133681843,0.0229651443525168,1.20711812650509,Inf,"greater",0,0.95,3.51448736412341
"sp|P04906|GSTP1_RAT",2044576,1,1,13.4941468101997,13.8871990115618,13.1192074946997,11.7913335160941,10.4359821240383,12.0834095178183,3660,"Rattus_norvegicus_UniProt_2020-06-29","Glutathione S-transferase P OS=Rattus norvegicus (Rat) OX=10116",143079367,210,23424.06640625,5197357,3,3,3,3,6,13.5001844388204,11.4369083859836,2.06327605283679,0.147480082212566,0.772717134084603,0.553834276144398,2.73660391474379,3.72543943506097,0.0196659383547973,0.707134780881159,Inf,"greater",0,0.95,2.06327605283679
"sp|P05065|ALDOA_RAT",2044576,12,17,17.1381669865544,16.7277605053625,16.8252308158637,15.6566183597157,15.0485619409176,15.4314319841689,3660,"Rattus_norvegicus_UniProt_2020-06-29","Fructose-bisphosphate aldolase A OS=Rattus norvegicus (Rat) OX=1",143079373,364,39327.27734375,5197446,3,3,3,3,6,16.8970527692602,15.3788707616007,1.51818200765949,0.0459771646933388,0.0945051636987844,0.216396494420253,3.57357358088113,7.01574215297177,0.00163835544063059,1.04057750625012,Inf,"greater",0,0.95,1.51818200765949
"sp|P06686|AT1A2_RAT",2044576,2,2,13.3722406819745,12.8010911272271,14.1407019139805,12.322941978432,12.2278918698315,11.7132318401137,3660,"Rattus_norvegicus_UniProt_2020-06-29","Sodium/potassium-transporting ATPase subunit alpha-2 OS=Rattus n",143079418,1020,112145.46875,124957,3,3,3,3,6,13.4380112410607,12.0880218961257,1.34998934493497,0.451883589828379,0.10760932035036,0.431853721445406,2.90142207739903,3.12603383482857,0.0273140324117199,0.319447804695667,Inf,"greater",0,0.95,1.34998934493497
"sp|P07323|ENOG_RAT",2044576,7,7,15.8079118260698,15.4408345300181,15.594830609596,14.3086116384431,14.3835094783136,14.3522255448905,3660,"Rattus_norvegicus_UniProt_2020-06-29","Gamma-enolase OS=Rattus norvegicus (Rat) OX=10116 GN=Eno2 PE=1 S",143079444,434,47110.9140625,5197535,3,3,3,3,6,15.614525655228,14.3481155538824,1.26641010134555,0.0339773564359906,0.00141509062388247,0.108616215885525,2.16630373432583,11.6594938520071,0.00270169110024871,0.965248521226307,Inf,"greater",0,0.95,1.26641010134555
"sp|P07335|KCRB_RAT",2044576,12,16,17.2709735294006,17.07372707261,16.8511886249166,14.4610253494825,14.4244670019014,14.4911453509716,3660,"Rattus_norvegicus_UniProt_2020-06-29","Creatine kinase B-type OS=Rattus norvegicus (Rat) OX=10116 GN=Ck",143079445,381,42698.27734375,5203325,3,3,3,3,6,17.0652964089757,14.4588792341185,2.60641717485722,0.0441081485751606,0.00111495491704647,0.122777717158838,2.10104644978091,21.2287476520294,0.000868584779405593,2.2593940578318,Inf,"greater",0,0.95,2.60641717485722
"sp|P07872|ACOX1_RAT",2044576,1,3,18.4277576834593,15.2982992061937,11.46471005214,15.7447608203344,12.4363260074011,14.0818811729664,3660,"Rattus_norvegicus_UniProt_2020-06-29","Peroxisomal acyl-coenzyme A oxidase 1 OS=Rattus norvegicus (Rat)",143079468,661,74631.2890625,217870,3,3,3,3,6,15.0635889805977,14.087656000234,0.975932980363719,12.1623247465047,2.7364602393297,2.22851108634101,2.8566151842244,0.437930502722381,0.346211209513443,-4.37764179127823,Inf,"greater",0,0.95,0.975932980363719
"sp|P09117|ALDOC_RAT",2044576,2,2,12.4436791656321,12.8315679026958,12.3040529671597,11.1477385990477,NA,11.9222201524225,3660,"Rattus_norvegicus_UniProt_2020-06-29","Fructose-bisphosphate aldolase C OS=Rattus norvegicus (Rat) OX=1",143079531,363,39259.19140625,5197447,3,2,3,2,5,12.5264333451625,11.5349793757351,0.991453969427452,0.0747041924757293,0.299910838258963,0.418158841376565,1.34120069460475,2.37099846116758,0.099959332421257,-0.755250618183256,Inf,"greater",0,0.95,0.991453969427452
"sp|P09951|SYN1_RAT",2044576,3,3,14.3637980233812,14.5334527991955,14.9299412745172,11.7968379312076,12.3613179857839,11.045821080394,3660,"Rattus_norvegicus_UniProt_2020-06-29","Synapsin-1 OS=Rattus norvegicus (Rat) OX=10116 GN=Syn1 PE=1 SV=3",143079565,704,73942.59375,211774,3,3,3,3,6,14.6090640323646,11.7346589991285,2.87440503323617,0.0844173391377452,0.435532691718482,0.416313195745794,2.74722980604986,6.90442931573881,0.00411032351161619,1.85680342177929,Inf,"greater",0,0.95,2.87440503323617
"sp|P10111|PPIA_RAT",2044576,1,1,13.0976470057529,12.5354947099501,12.4754400185655,10.5033336513192,11.415030650013,11.7181603814913,3660,"Rattus_norvegicus_UniProt_2020-06-29","Peptidyl-prolyl cis-trans isomerase A OS=Rattus norvegicus (Rat)",143079670,164,17862.8046875,5202122,3,3,3,3,6,12.7028605780895,11.2121748942745,1.490685683815,0.117793884089772,0.399813839312311,0.415374418808735,3.08436245768812,3.58877585213403,0.0177094110913165,0.523963068000212,Inf,"greater",0,0.95,1.490685683815
"sp|P10860|DHE3_RAT",2044576,5,5,15.5849451831108,15.672357019309,15.5518154746392,14.162891203007,13.760505247366,14.2829334807776,3660,"Rattus_norvegicus_UniProt_2020-06-29","Glutamate dehydrogenase 1, mitochondrial OS=Rattus norvegicus (R",143079700,558,61377.26953125,234973,3,3,3,3,6,15.6030392256863,14.0687766437169,1.53426258196946,0.00387811178038674,0.0748759774691891,0.162022723971645,2.20662093925397,9.46942838856333,0.00395568754817311,1.09002757516147,Inf,"greater",0,0.95,1.53426258196946
"sp|P11442|CLH1_RAT",2044576,2,2,14.7428030935695,13.8585917924639,13.0465513997014,13.4057708740416,12.5488892660095,12.5515304368161,3660,"Rattus_norvegicus_UniProt_2020-06-29","Clathrin heavy chain 1 OS=Rattus norvegicus (Rat) OX=10116 GN=Cl",143079719,1675,191476.578125,212453,3,3,3,3,6,13.8826487619116,12.8353968589557,1.04725190295583,0.719751505571854,0.243996631759719,0.566788654712252,3.21623311813592,1.84769383481661,0.077788517651759,-0.250830495591939,Inf,"greater",0,0.95,1.04725190295583
"sp|P11980|KPYM_RAT",2044576,5,5,16.6699723558094,16.352830498077,16.3131212781414,15.0870911656881,14.7404417054028,14.4745583566466,3660,"Rattus_norvegicus_UniProt_2020-06-29","Pyruvate kinase PKM OS=Rattus norvegicus (Rat) OX=10116 GN=Pkm P",143079746,531,57780.875,5238891,3,3,3,3,6,16.4453080440093,14.7673637425792,1.67794430143012,0.038249745284438,0.0943427076023579,0.210231977338365,3.39279331277881,7.98139428013608,0.00129521625797233,1.20569205086484,Inf,"greater",0,0.95,1.67794430143012
"sp|P13221|AATC_RAT",2044576,3,3,14.258089718692,14.5671035621702,14.3530419410249,12.6967608344184,10.9387134581063,14.0384037715216,3660,"Rattus_norvegicus_UniProt_2020-06-29","Aspartate aminotransferase, cytoplasmic OS=Rattus norvegicus (Ra",143079784,413,46399.50390625,5203234,3,3,3,3,6,14.3927450739624,12.5579593546821,1.83478571928031,0.0250546429390779,2.41646939785286,0.902131557440845,2.04146868128091,2.03383387283913,0.0881901454307822,-0.76329435153771,Inf,"greater",0,0.95,1.83478571928031
"sp|P14882|PCCA_RAT",2044576,13,16,15.9893936127964,16.9077048035287,16.9677989173268,16.4784431825462,17.2026708853079,16.6281253867183,3660,"Rattus_norvegicus_UniProt_2020-06-29","Propionyl-CoA carboxylase alpha chain, mitochondrial OS=Rattus n",143079842,737,81571.089310811,19350762,3,3,3,3,6,16.6216324445506,16.7697464848574,-0.148114040306833,0.300697280911787,0.146168842940481,0.385947372859853,3.5727653592926,-0.383767453083861,0.638560976686625,-0.999994402226657,Inf,"greater",0,0.95,-0.148114040306833
"sp|P15684|AMPN_RAT",2044576,1,1,12.7729763790911,13.0868238182784,13.5055407587353,11.983191230642,11.3233847240076,11.6028009170062,3660,"Rattus_norvegicus_UniProt_2020-06-29","Aminopeptidase N OS=Rattus norvegicus (Rat) OX=10116 GN=Anpep PE",143079873,965,109379.859375,5197299,3,3,3,3,6,13.1217803187016,11.6364589572186,1.485321361483,0.135079110272263,0.109685804302466,0.285636665815583,3.95740577263884,5.20003745752298,0.00335473725241422,0.874499747066647,Inf,"greater",0,0.95,1.485321361483
"sp|P15999|ATPA_RAT",2044576,3,3,13.6219888832587,13.9047538655819,13.6641507992423,12.527991388725,11.4404139916418,NA,3660,"Rattus_norvegicus_UniProt_2020-06-29","ATP synthase subunit alpha, mitochondrial OS=Rattus norvegicus (",143079885,553,59716.609375,233219,3,2,3,2,5,13.730297849361,11.9842026901834,1.74609515917757,0.023270582986607,0.591412297323184,0.550874767671499,1.052789193108,3.16967714197215,0.0922146212857597,-1.45065970329193,Inf,"greater",0,0.95,1.74609515917757
"sp|P16617|PGK1_RAT",2044576,3,3,16.582266229948,16.720029736139,16.5873377734672,15.5610353116491,14.5833315813159,15.236355087017,3660,"Rattus_norvegicus_UniProt_2020-06-29","Phosphoglycerate kinase 1 OS=Rattus norvegicus (Rat) OX=10116 GN",143079911,417,44509.984375,245136,3,3,3,3,6,16.6298779131847,15.1269073266607,1.50297058652406,0.00610194352489937,0.247960255262147,0.29101099566113,2.09837464530732,5.16465222597363,0.0160383505003974,0.679776712816651,Inf,"greater",0,0.95,1.50297058652406
"sp|P19332|TAU_RAT",2044576,1,1,14.5449674504715,15.235041594229,15.2541476836865,12.9385104799335,12.9540133210458,13.4843005400777,3660,"Rattus_norvegicus_UniProt_2020-06-29","Microtubule-associated protein tau OS=Rattus norvegicus (Rat) OX",143080015,752,78516.296875,5206480,3,3,3,3,6,15.011385576129,13.1256081136857,1.8857774624433,0.163250661619987,0.0965552770838943,0.294282142794904,3.75269297781582,6.40805943756351,0.00188974578439967,1.24634341028318,Inf,"greater",0,0.95,1.8857774624433
"sp|P20760|IGG2A_RAT",2044576,1,1,13.1143556367164,13.6627713674904,14.2165621262068,12.6640094347413,10.8884726213157,12.6540317958385,3660,"Rattus_norvegicus_UniProt_2020-06-29","Ig gamma-2A chain C region OS=Rattus norvegicus (Rat) OX=10116 G",143080077,322,35163.41015625,5244390,3,3,3,3,6,13.6645630434712,12.0688379506319,1.59572509283934,0.303717193945834,1.04497162130828,0.670494547642288,3.07202572499856,2.37992254888651,0.0477969759602015,0.0327762879813079,Inf,"greater",0,0.95,1.59572509283934
"sp|P20761|IGG2B_RAT",2044576,1,1,13.4455011818703,13.288095394074,13.820859354034,10.8217192973513,11.2354578005009,11.938546774443,3660,"Rattus_norvegicus_UniProt_2020-06-29","Ig gamma-2B chain C region OS=Rattus norvegicus (Rat) OX=10116 G",143080078,333,36474.19921875,5244391,3,3,3,3,6,13.5181519766595,11.3319079574317,2.18624401922771,0.074917962745668,0.318802877975731,0.362271003863774,2.8907976819081,6.03483026770151,0.00506860574871626,1.32039737645273,Inf,"greater",0,0.95,2.18624401922771
"sp|P21575|DYN1_RAT",2044576,4,4,14.5810116395971,14.5365693613187,13.6236058585955,12.4858104080133,NA,11.4293753554937,3660,"Rattus_norvegicus_UniProt_2020-06-29","Dynamin-1 OS=Rattus norvegicus (Rat) OX=10116 GN=Dnm1 PE=1 SV=2",143080106,864,97233.875,7282332,3,2,3,2,5,14.2470622865038,11.9575928817535,2.28946940475028,0.292017217149747,0.558027510096094,0.613476020257757,1.71507567554128,3.7319623410681,0.0408718441475586,0.277724840929258,Inf,"greater",0,0.95,2.28946940475028
"sp|P22509|FBRL_RAT",2044576,1,1,13.4849424427185,13.7227401615618,13.953108737329,13.4021512965585,12.8792361624156,13.4496722754685,3660,"Rattus_norvegicus_UniProt_2020-06-29","rRNA 2'-O-methyltransferase fibrillarin OS=Rattus norvegicus (Ra",143080148,327,34200.6171875,216677,3,3,3,3,6,13.7202637805364,13.2436865781475,0.476577202388917,0.0547995191995583,0.100182640004539,0.227289946400405,3.68409525402085,2.09678082966923,0.0549839927614014,-0.0201581201825458,Inf,"greater",0,0.95,0.476577202388917
"sp|P24942|EAA1_RAT",2044576,1,1,13.318732030981,12.5275485480076,13.1426748094933,NA,11.5777411413002,11.7964330912143,3660,"Rattus_norvegicus_UniProt_2020-06-29","Excitatory amino acid transporter 1 OS=Rattus norvegicus (Rat) O",143080238,543,59658.71875,219920,3,2,3,2,5,12.9963184628273,11.6870871162572,1.30923134657005,0.172557961089542,0.0239130844786143,0.263582743370061,2.68579394997631,4.96706017181078,0.010135079619413,0.658192700422166,Inf,"greater",0,0.95,1.30923134657005
"sp|P31044|PEBP1_RAT",2044576,1,1,12.1637943156087,13.0110352024792,13.7331465121022,11.8693456347585,11.3500929069947,NA,3660,"Rattus_norvegicus_UniProt_2020-06-29","Phosphatidylethanolamine-binding protein 1 OS=Rattus norvegicus",143080415,187,20788.390625,5197314,3,2,3,2,5,12.9693253433967,11.6097192708766,1.35960607252014,0.617021363418241,0.13481169764508,0.522570221720125,2.90228541159251,2.60176721904432,0.0415118203913483,0.112743470692157,Inf,"greater",0,0.95,1.35960607252014
"sp|P34058|HS90B_RAT",2044576,3,3,14.5721530732459,14.498393827891,14.7486199237276,11.0270151048853,12.1399972964032,12.8973841432787,3660,"Rattus_norvegicus_UniProt_2020-06-29","Heat shock protein HSP 90-beta OS=Rattus norvegicus (Rat) OX=101",143080477,724,83229.1171875,113136,3,3,3,3,6,14.6063889416215,12.0214655148557,2.58492342676577,0.0165323457719823,0.88510742237275,0.548221295994216,2.07468734098844,4.715109474319,0.019625754853836,1.02274110337556,Inf,"greater",0,0.95,2.58492342676577
"sp|P35213|1433B_RAT",2044576,5,5,15.7452331296423,15.702136003561,15.9280510906741,14.5733896674917,14.1340628683279,13.6172516418095,3660,"Rattus_norvegicus_UniProt_2020-06-29","14-3-3 protein beta/alpha OS=Rattus norvegicus (Rat) OX=10116 GN",143080495,246,28036.833984375,5197289,3,3,3,3,6,15.7918067412925,14.1082347258764,1.68357201541608,0.0143862326229432,0.229050300745762,0.284860511694586,2.25024553633614,5.91016285620216,0.0103396989750064,0.911557416683978,Inf,"greater",0,0.95,1.68357201541608
"sp|P35704|PRDX2_RAT",2044576,2,2,14.1148444365181,14.4976186676678,14.5513431409762,12.9747275704833,11.1919500955011,12.1754996511121,3660,"Rattus_norvegicus_UniProt_2020-06-29","Peroxiredoxin-2 OS=Rattus norvegicus (Rat) OX=10116 GN=Prdx2 PE=",143080538,198,21770.0625,5196510,3,3,3,3,6,14.387935415054,12.1140591056988,2.27387630935518,0.0566555916763527,0.797405086791472,0.533560580274263,2.28277233890407,4.26170221980482,0.0200523029574787,0.83984289562394,Inf,"greater",0,0.95,2.27387630935518
"sp|P37727|RAE1_RAT",2044576,1,1,15.6904487431903,13.0586294421655,NA,13.266730956312,11.3693135472357,12.1860275513983,3660,"Rattus_norvegicus_UniProt_2020-06-29","Rab proteins geranylgeranyltransferase component A 1 OS=Rattus n",143080590,650,72434.234375,217202,2,3,2,3,5,14.3745390926779,12.2740240183153,2.10051507436255,3.46323641662341,0.905855739708939,1.42603300156343,1.35850407320484,1.47297788484533,0.165165428136732,-3.76957976513508,Inf,"greater",0,0.95,2.10051507436255
"sp|P42123|LDHB_RAT",2044576,4,5,16.0318286862801,15.6535650407202,15.7861345281966,14.7369905936511,14.3651136843615,13.8967543267221,3660,"Rattus_norvegicus_UniProt_2020-06-29","L-lactate dehydrogenase B chain OS=Rattus norvegicus (Rat) OX=10",143080649,334,36589.0625,5197466,3,3,3,3,6,15.8238427517323,14.3329528682449,1.49088988348737,0.0368372789797337,0.177274984635629,0.267153054518294,2.79678459334573,5.58065819676142,0.00682855735109664,0.843113608001362,Inf,"greater",0,0.95,1.49088988348737
"sp|P45953|ACADV_RAT",2044576,1,1,11.4130989849153,11.2591291687737,11.7632586137757,11.2294575257403,NA,11.0484596273698,3660,"Rattus_norvegicus_UniProt_2020-06-29","Very long-chain specific acyl-CoA dehydrogenase, mitochondrial O",143080690,655,70704.640625,5259146,3,2,3,2,5,11.4784955891549,11.1389585765551,0.339537012599841,0.0667441612140606,0.0163801196072794,0.17446522158201,2.94526942286871,1.94615872161224,0.0742641600374667,-0.0741722456317818,Inf,"greater",0,0.95,0.339537012599841
"sp|P47863|AQP4_RAT",2044576,1,1,12.9853456584639,11.9523127113614,13.789769262759,12.1833164738406,NA,11.5600748458081,3660,"Rattus_norvegicus_UniProt_2020-06-29","Aquaporin-4 OS=Rattus norvegicus (Rat) OX=10116 GN=Aqp4 PE=1 SV=",143080721,323,34457.74609375,211726,3,2,3,2,5,12.9091425441947,11.8716956598244,1.03744688437035,0.848416830536691,0.194215063456308,0.616370945054235,2.92059506735071,1.68315345279467,0.0967029574517473,-0.429317802304945,Inf,"greater",0,0.95,1.03744688437035
"sp|P47942|DPYL2_RAT",2044576,15,20,16.9625355801934,16.2518231604962,16.4582073927822,15.2503217862578,14.0535365412482,13.8659816234195,3660,"Rattus_norvegicus_UniProt_2020-06-29","Dihydropyrimidinase-related protein 2 OS=Rattus norvegicus (Rat)",143080727,572,62238.58984375,124864,3,3,3,3,6,16.5575220444906,14.3899466503085,2.1675753941821,0.133675585910941,0.563978242720232,0.482235706071617,2.89766009144845,4.49484633114288,0.011060675544696,1.01617112725149,Inf,"greater",0,0.95,2.1675753941821
"sp|P50398|GDIA_RAT",2044576,5,6,15.1983564050715,14.3620341547091,14.287786835584,12.7948428930524,12.9685471711066,12.9850591978069,3660,"Rattus_norvegicus_UniProt_2020-06-29","Rab GDP dissociation inhibitor alpha OS=Rattus norvegicus (Rat)",143080826,447,50504.15234375,219990,3,3,3,3,6,14.6160591317882,12.9161497539886,1.69990937779955,0.255680751954208,0.0111046776390929,0.298208780103974,2.17340014834063,5.70040015993782,0.0121350430077945,0.874720243668313,Inf,"greater",0,0.95,1.69990937779955
"sp|P51650|SSDH_RAT",2044576,1,1,12.4829768157607,12.5567440732481,11.8780483895233,11.484270813784,11.1997963961013,NA,3660,"Rattus_norvegicus_UniProt_2020-06-29","Succinate-semialdehyde dehydrogenase, mitochondrial OS=Rattus no",143080874,523,56095.84375,7281043,3,2,3,2,5,12.305923092844,11.3420336049427,0.963889487901357,0.13866797337564,0.0404628471579719,0.257786891386792,2.9887737132266,3.73909426781172,0.0167900462905213,0.356293125930331,Inf,"greater",0,0.95,0.963889487901357
"sp|P52873|PYC_RAT",2044576,41,58,19.8151713850424,20.4506977219193,20.4227774150161,20.5156588810711,20.3898297386233,20.1033642830549,3660,"Rattus_norvegicus_UniProt_2020-06-29","Pyruvate carboxylase, mitochondrial OS=Rattus norvegicus (Rat) O",143080919,1178,129694.65625,246148,3,3,3,3,6,20.2295488406593,20.3362843009164,-0.106735460257195,0.128976392677045,0.0446470443127458,0.240571151630026,3.23648952979163,-0.443675226784228,0.657360397513722,-0.656413504086927,Inf,"greater",0,0.95,-0.106735460257195
"sp|P60711|ACTB_RAT",2044576,12,17,16.7598668629602,16.2746481865894,16.2646505357568,15.2050352595671,14.2998891761241,14.8002442102079,3660,"Rattus_norvegicus_UniProt_2020-06-29","Actin, cytoplasmic 1 OS=Rattus norvegicus (Rat) OX=10116 GN=Actb",143081085,375,41709.7265625,84214,3,3,3,3,6,16.4330551951021,14.768389548633,1.66466564646911,0.0801293879416882,0.205583397691062,0.308605889786499,3.35345067160436,5.39414736258197,0.00465683663525129,0.968572346699054,Inf,"greater",0,0.95,1.66466564646911
"sp|P61983|1433G_RAT",2044576,4,4,14.991394736634,14.9331578969342,14.9804750321368,14.021132768697,13.7457802747356,13.0554400521715,3660,"Rattus_norvegicus_UniProt_2020-06-29","14-3-3 protein gamma OS=Rattus norvegicus (Rat) OX=10116 GN=Ywha",143081137,247,28284.912109375,64109,3,3,3,3,6,14.968342555235,13.607451031868,1.36089152336697,0.000958280121386836,0.247491840261833,0.287778919996595,2.01548763391849,4.72894791384676,0.0206509141579267,0.524968296529525,Inf,"greater",0,0.95,1.36089152336697
"sp|P62260|1433E_RAT",2044576,2,2,14.7353598082741,14.2066285520602,14.2696231303611,13.5563425701422,11.0756057806969,11.2879028027272,3660,"Rattus_norvegicus_UniProt_2020-06-29","14-3-3 protein epsilon OS=Rattus norvegicus (Rat) OX=10116 GN=Yw",143081153,255,29155.4140625,88633,3,3,3,3,6,14.4038704968985,11.9732837178554,2.43058677904304,0.0834059518910323,1.8908240037434,0.811219237862457,2.17610095482852,2.99621442095922,0.0431835580856328,0.187525090747193,Inf,"greater",0,0.95,2.43058677904304
"sp|P62815|VATB2_RAT",2044576,1,1,13.2219556018315,12.6494094570987,12.9917226755298,11.703115651258,11.6947371005809,11.4844302022563,3660,"Rattus_norvegicus_UniProt_2020-06-29","V-type proton ATPase subunit B, brain isoform OS=Rattus norvegic",143081188,511,56514.84375,101948,3,3,3,3,6,12.9543625781533,11.6274276513651,1.32693492678823,0.0829991046190629,0.0153537528665731,0.181064314066978,2.71546455439748,7.32852817312958,0.00364727376226649,0.881991319594374,Inf,"greater",0,0.95,1.32693492678823
"sp|P63012|RAB3A_RAT",2044576,1,1,11.9350324157709,12.8292070790421,12.7456350178143,10.9705461371926,12.1566034424849,NA,3660,"Rattus_norvegicus_UniProt_2020-06-29","Ras-related protein Rab-3A OS=Rattus norvegicus (Rat) OX=10116 G",143081228,220,24954.07421875,103302,3,2,3,2,5,12.5032915042091,11.5635747898388,0.939716714370366,0.243934866048933,0.703365965718704,0.658023255573588,1.476409045519,1.42809043055968,0.164187220215788,-1.5375193233438,Inf,"greater",0,0.95,0.939716714370366
"sp|P63102|1433Z_RAT",2044576,5,5,15.4487025715831,15.6306278381999,15.1810139937228,13.6568047243938,13.1500186683814,12.8502591268917,3660,"Rattus_norvegicus_UniProt_2020-06-29","14-3-3 protein zeta/delta OS=Rattus norvegicus (Rat) OX=10116 GN",143081256,245,27753.7421875,101016,3,3,3,3,6,15.4201148011686,13.2190275065556,2.20108729461298,0.0511510977493243,0.166200615022137,0.269166437216493,3.12455063052851,8.17742106844706,0.0016436612795058,1.57780347679265,Inf,"greater",0,0.95,2.20108729461298
"sp|P85108|TBB2A_RAT",2044576,2,5,16.2427230708139,14.4406792387791,14.2988551386821,13.9146989754205,11.5669204030578,12.4311737189092,3660,"Rattus_norvegicus_UniProt_2020-06-29","Tubulin beta-2A chain OS=Rattus norvegicus (Rat) OX=10116 GN=Tub",143081464,445,49874.953125,86314,3,3,3,3,6,14.9940858160917,12.6375976991292,2.35648811696256,1.1743497642522,1.40997420091867,0.92813863281496,3.96702297569287,2.53893980236071,0.0322813818422465,0.373103401194852,Inf,"greater",0,0.95,2.35648811696256
"sp|Q00981|UCHL1_RAT",2044576,2,2,14.6131321842108,14.6215383799097,14.3726427190271,13.3590136271308,12.7064992473504,13.040109886718,3660,"Rattus_norvegicus_UniProt_2020-06-29","Ubiquitin carboxyl-terminal hydrolase isozyme L1 OS=Rattus norve",143081622,223,24822.44140625,116053,3,3,3,3,6,14.5357710943825,13.0352075870664,1.50056350731614,0.0199758161661051,0.106461778361458,0.205294580645767,2.72500976955626,7.30931865125728,0.00363114742629792,0.996891617639849,Inf,"greater",0,0.95,1.50056350731614
"sp|Q02445|TFPI1_RAT",2044576,1,1,13.4221081410094,13.1354842206498,13.069764092891,11.7606402703435,12.0505359849593,11.8652615731826,3660,"Rattus_norvegicus_UniProt_2020-06-29","Tissue factor pathway inhibitor OS=Rattus norvegicus (Rat) OX=10",143081653,302,34531.3671875,216285,3,3,3,3,6,13.2091188181834,11.8921459428285,1.31697287535491,0.0351031225265799,0.0215519583366038,0.137422803618594,3.78354180900466,9.58336491962471,0.000432269319390585,1.01912585630346,Inf,"greater",0,0.95,1.31697287535491
"sp|Q05962|ADT1_RAT",2044576,1,1,15.2662869415353,15.542333453048,15.8749828893534,14.4148176636181,13.6987913937324,14.116121366115,3660,"Rattus_norvegicus_UniProt_2020-06-29","ADP/ATP translocase 1 OS=Rattus norvegicus (Rat) OX=10116 GN=Slc",143081721,298,32968.234375,5197490,3,3,3,3,6,15.5612010946455,14.0765768078218,1.48462428682371,0.0928946801471277,0.129346233859562,0.272176973068804,3.89521115227854,5.45462854584841,0.00296265884544123,0.89987053751137,Inf,"greater",0,0.95,1.48462428682371
"sp|Q0V8T6|CTP5A_RAT",2044576,1,1,14.1505588832858,13.7791763637241,13.5559812632649,11.9355346774679,12.3629824901085,12.3724787665155,3660,"Rattus_norvegicus_UniProt_2020-06-29","Contactin-associated protein like 5-1 OS=Rattus norvegicus (Rat)",143081807,1305,145437.21875,5200088,3,3,3,3,6,13.8285721700916,12.223665311364,1.60490685872765,0.0902105958224566,0.0622869914584162,0.225460704100791,3.87023593322919,7.11834403750547,0.00116495878533817,1.11959126809315,Inf,"greater",0,0.95,1.60490685872765
"sp|Q3KR73|KANL3_RAT",2044576,1,1,13.3959517818089,13.6303769171098,13.8673188377769,11.32677006805,NA,11.4510616821075,3660,"Rattus_norvegicus_UniProt_2020-06-29","KAT8 regulatory NSL complex subunit 3 OS=Rattus norvegicus (Rat)",143081970,877,92977.5625,5198813,3,2,3,2,5,13.6312158455652,11.3889158750787,2.24229997048643,0.0555472532136954,0.00772420266251008,0.149592287242648,2.68750053376793,14.9894089582927,0.000573070988914256,1.87292288970128,Inf,"greater",0,0.95,2.24229997048643
"sp|Q4FZU2|K2C6A_RAT",2044576,1,1,12.0353799119933,12.9194791951368,12.9670719930798,12.0769354090221,13.1073193164562,12.0912833068787,3660,"Rattus_norvegicus_UniProt_2020-06-29","Keratin, type II cytoskeletal 6A OS=Rattus norvegicus (Rat) OX=1",143082118,552,59212.69140625,232623,3,3,3,3,6,12.64064370007,12.425179344119,0.215464355950985,0.27532445847167,0.349037671938391,0.45620248808691,3.94501225154545,0.472299826453243,0.330826007228251,-0.760997474180689,Inf,"greater",0,0.95,0.215464355950985
"sp|Q4QQT4|2AAB_RAT",2044576,1,1,13.457837420835,13.5309803553655,13.2993388637917,12.655420578609,10.4582902408754,12.4595596931228,3660,"Rattus_norvegicus_UniProt_2020-06-29","Serine/threonine-protein phosphatase 2A 65 kDa regulatory subuni",143082241,601,65964.4609375,5307485,3,3,3,3,6,13.4293855466641,11.8577568375357,1.57162870912834,0.0140215770125156,1.4784704379918,0.705334912176317,2.03793194809952,2.22820206684377,0.0766669531424437,-0.462032825698499,Inf,"greater",0,0.95,1.57162870912834
"sp|Q5I0C3|MCCA_RAT",2044576,4,4,14.8389571819315,15.7060858392442,15.514054035077,14.8999058398066,15.2930493473089,15.2785039067341,3660,"Rattus_norvegicus_UniProt_2020-06-29","Methylcrotonoyl-CoA carboxylase subunit alpha, mitochondrial OS=",143082703,715,79279.3515625,229093,3,3,3,3,6,15.3530323520843,15.1571530312832,0.195879320801026,0.207424013878591,0.0496849806023257,0.292750744081557,2.9061425607842,0.669099309774791,0.276367930404439,-0.502235949758086,Inf,"greater",0,0.95,0.195879320801026
"sp|Q62658|FKB1A_RAT",2044576,1,1,12.6313362345843,12.2232362506089,13.1961657481697,12.4195546669814,12.4446832799139,12.3941759492337,3660,"Rattus_norvegicus_UniProt_2020-06-29","Peptidyl-prolyl cis-trans isomerase FKBP1A OS=Rattus norvegicus",143083366,108,11915.106445312,5197392,3,3,3,3,6,12.683579411121,12.4194712987097,0.264108112411325,0.238694963926992,0.000637752825810712,0.282449238361399,2.01068725142138,0.93506399218324,0.22400804221243,-0.557657811794849,Inf,"greater",0,0.95,0.264108112411325
"sp|Q62774|MYO1A_RAT",2044576,1,1,11.9723946940765,12.5675578602514,13.1366230804674,11.8170863435251,11.4651971353528,12.0212263840422,3660,"Rattus_norvegicus_UniProt_2020-06-29","Unconventional myosin-Ia (Fragment) OS=Rattus norvegicus (Rat) O",143083423,842,97149.5390625,5324006,3,3,3,3,6,12.5588585449318,11.7678366209734,0.791021923958402,0.338913692484853,0.0791112827280834,0.373284956038028,2.8854576137035,2.11908332003023,0.0639374857567453,-0.101853916358485,Inf,"greater",0,0.95,0.791021923958402
"sp|Q62950|DPYL1_RAT",2044576,5,5,14.9076488443907,14.3775077295343,14.5988594908204,13.154116528172,12.9284198712672,12.8515850894821,3660,"Rattus_norvegicus_UniProt_2020-06-29","Dihydropyrimidinase-related protein 1 OS=Rattus norvegicus (Rat)",143083507,572,62156.59375,5324025,3,3,3,3,6,14.6280053549151,12.9780404963071,1.64996485860801,0.070899511460669,0.024727972670949,0.178538029685198,3.24379910481031,9.24153168665108,0.000971228368728729,1.2423665946523,Inf,"greater",0,0.95,1.64996485860801
"sp|Q63279|K1C19_RAT",2044576,1,1,13.5669387974172,12.2428115545185,12.3443629569967,11.1176633557876,NA,12.2453714667058,3660,"Rattus_norvegicus_UniProt_2020-06-29","Keratin, type I cytoskeletal 19 OS=Rattus norvegicus (Rat) OX=10",143083607,403,44608.6328125,216290,3,2,3,2,5,12.7180377696441,11.6815174112467,1.03652035839744,0.543052888051881,0.635862791715383,0.706363238856835,2.11937270220359,1.46740416456967,0.136636230318418,-0.948967144971937,Inf,"greater",0,0.95,1.03652035839744
"sp|Q63560|MAP6_RAT",2044576,1,1,12.3421580262443,12.0901969524163,12.598489347455,11.2656943616358,10.7820834520826,11.1053192659604,3660,"Rattus_norvegicus_UniProt_2020-06-29","Microtubule-associated protein 6 OS=Rattus norvegicus (Rat) OX=1",143083696,952,100423.3671875,217396,3,3,3,3,6,12.3436147753718,11.0510323598929,1.29258241547891,0.0645918813020463,0.0606801790875103,0.204346160872147,3.99610363284832,6.32545485543833,0.00160352856558687,0.856825637469943,Inf,"greater",0,0.95,1.29258241547891
"sp|Q68EJ0|NB5R4_RAT",2044576,1,1,15.0633946599406,13.1814089013384,6.34850102299396,14.1421819702607,12.0665660523496,11.7776703899465,3660,"Rattus_norvegicus_UniProt_2020-06-29","Cytochrome b5 reductase 4 OS=Rattus norvegicus (Rat) OX=10116 GN",143084055,520,58797.136934922,19350857,3,3,3,3,6,11.531101528091,12.6621394708523,-1.13103794276128,21.0299785954694,1.66375952598018,2.75037804198196,2.3144864566912,-0.411229992930805,0.642044581230022,-8.46522471671254,Inf,"greater",0,0.95,-1.13103794276128
"sp|Q6IFU8|K1C17_RAT",2044576,1,1,11.0096536922341,12.1261693451475,12.3014649279641,11.8517658709566,11.421607018531,NA,3660,"Rattus_norvegicus_UniProt_2020-06-29","Keratin, type I cytoskeletal 17 OS=Rattus norvegicus (Rat) OX=10",143084444,433,48093.0546875,227818,3,2,3,2,5,11.8124293217819,11.6366864447438,0.175742877038116,0.491018668885638,0.0925183191600373,0.458183423105381,2.83703909161904,0.383564459506201,0.364112717654447,-0.928254101855036,Inf,"greater",0,0.95,0.175742877038116
"sp|Q6IFW6|K1C10_RAT",2044576,3,4,14.8802497868953,14.7950452067113,14.701611329363,14.6173017205082,13.7920438089643,14.8602892280744,3660,"Rattus_norvegicus_UniProt_2020-06-29","Keratin, type I cytoskeletal 10 OS=Rattus norvegicus (Rat) OX=10",143084451,526,56470.484375,234049,3,3,3,3,6,14.7923021076565,14.423211585849,0.369090521807555,0.00798356807170134,0.313540304141487,0.327375356542093,2.10178462162509,1.12742304645676,0.185888592562322,-0.556006425747867,Inf,"greater",0,0.95,0.369090521807555
"sp|Q6IG02|K22E_RAT",2044576,2,2,13.240791332162,13.6821985542649,13.9067257317679,13.047690248529,12.037363132587,13.078431045047,3660,"Rattus_norvegicus_UniProt_2020-06-29","Keratin, type II cytoskeletal 2 epidermal OS=Rattus norvegicus (",143084457,685,69085.1796875,5332101,3,3,3,3,6,13.6099052060649,12.7211614753877,0.88874373067725,0.114786902290103,0.350921379355346,0.394000119139343,3.18194343296093,2.25569406582574,0.052141481622508,-0.0172614358506876,Inf,"greater",0,0.95,0.88874373067725
"sp|Q6IMF3|K2C1_RAT",2044576,1,1,15.128962963992,14.6428888980123,14.5916569428713,14.8969164014075,13.7775367693893,14.699815340003,3660,"Rattus_norvegicus_UniProt_2020-06-29","Keratin, type II cytoskeletal 1 OS=Rattus norvegicus (Rat) OX=10",143084466,625,64791.0859375,234064,3,3,3,3,6,14.7878362682919,14.4580895035999,0.32974676469199,0.0879317451963629,0.357076225132879,0.385144116026387,2.92870152195848,0.856164617271208,0.228118408394022,-0.585704166864673,Inf,"greater",0,0.95,0.32974676469199
"sp|Q6P6V0|G6PI_RAT",2044576,1,1,13.6474910306346,13.7645465429651,13.7439618328981,12.1983304915166,12.417908896089,12.3642933646247,3660,"Rattus_norvegicus_UniProt_2020-06-29","Glucose-6-phosphate isomerase OS=Rattus norvegicus (Rat) OX=1011",143084571,558,62787.12109375,224197,3,3,3,3,6,13.7186664688326,12.3268442507434,1.39182221808917,0.00390538982414053,0.0131054960365052,0.075301363114368,3.09476796627984,18.4833602012658,0.000142885569017142,1.2168012989885,Inf,"greater",0,0.95,1.39182221808917
"sp|Q8CJB9|BRE1B_RAT",2044576,1,1,13.22175023083,13.103746739604,14.0534059451532,13.851516835171,13.6358325090784,13.1010745256267,3660,"Rattus_norvegicus_UniProt_2020-06-29","E3 ubiquitin-protein ligase BRE1B OS=Rattus norvegicus (Rat) OX=",143085032,1002,113770.6953125,212611,3,3,3,3,6,13.4596343051957,13.529474623292,-0.0698403180962917,0.267904776298722,0.149274914890263,0.37290735721221,3.70075170963242,-0.187285975311417,0.569374776148111,-0.883656160203689,Inf,"greater",0,0.95,-0.0698403180962917
"sp|Q8VBU2|NDRG2_RAT",2044576,1,1,13.9608517636987,14.1651829715267,13.4845280534578,12.4037938086887,12.1865405124692,12.3416383479408,3660,"Rattus_norvegicus_UniProt_2020-06-29","Protein NDRG2 OS=Rattus norvegicus (Rat) OX=10116 GN=Ndrg2 PE=1",143085166,371,40753.109375,230106,3,3,3,3,6,13.8701875962277,12.3106575563662,1.55953003986152,0.121987772820261,0.0125196057644989,0.211744640691533,2.40624111662404,7.36514527483799,0.0052579833044467,1.00686265313311,Inf,"greater",0,0.95,1.55953003986152
"sp|Q8VHF5|CISY_RAT",2044576,2,2,13.7914640970446,12.6010236974858,13.491444894687,11.8430207937903,NA,11.2580654201928,3660,"Rattus_norvegicus_UniProt_2020-06-29","Citrate synthase, mitochondrial OS=Rattus norvegicus (Rat) OX=10",143085182,466,51833.4609375,216270,3,2,3,2,5,13.2946442297391,11.5505431069916,1.74410112274752,0.383334962518395,0.171086394550296,0.461867424825147,2.93942399302731,3.77619426918407,0.0168479853929594,0.647966196625201,Inf,"greater",0,0.95,1.74410112274752
"sp|Q99NA5|IDH3A_RAT",2044576,2,2,14.2842652729364,14.1975005609922,13.8899946353725,11.7002993723908,11.617003182523,12.5670481654441,3660,"Rattus_norvegicus_UniProt_2020-06-29","Isocitrate dehydrogenase [NAD] subunit alpha, mitochondrial OS=R",143085405,366,39588.0390625,213706,3,3,3,3,6,14.1239201564337,11.9614502401193,2.1624699163144,0.042922890862497,0.276796199179897,0.326455249634818,2.60571596283736,6.6240929460727,0.00535597295666896,1.34441191744778,Inf,"greater",0,0.95,2.1624699163144
"sp|Q9ER34|ACON_RAT",2044576,6,7,15.6596570243812,15.4140726811392,15.1556321336799,14.7164412951085,14.0329874246069,14.4653610561243,3660,"Rattus_norvegicus_UniProt_2020-06-29","Aconitate hydratase, mitochondrial OS=Rattus norvegicus (Rat) OX",143085502,780,85379.96875,233923,3,3,3,3,6,15.4097872797334,14.4049299252799,1.0048573544535,0.0635240461105093,0.119516239457269,0.247008964457958,3.65772682870164,4.06810075358433,0.00911665377187087,0.463790173933351,Inf,"greater",0,0.95,1.0048573544535
"sp|Q9JIX5|CHD8_RAT",2044576,1,1,12.6296594267471,NA,12.5702402400059,12.9180155985108,12.9918017985262,13.1761123601144,3660,"Rattus_norvegicus_UniProt_2020-06-29","Chromodomain-helicase-DNA-binding protein 8 OS=Rattus norvegicus",143085635,2581,290510.71875,5196486,2,3,2,3,5,12.5999498333765,13.0286432523838,-0.428693419007297,0.00176531987648923,0.0176714541293286,0.0822991169334204,2.53064345525084,-5.2089674225072,0.989638332712472,-0.637932689445325,Inf,"greater",0,0.95,-0.428693419007297
"sp|Q9Z0L5|EREG_RAT",2044576,1,1,11.4162908595541,NA,13.2561377758681,12.4102490084859,12.2349780654507,12.1459830785504,3660,"Rattus_norvegicus_UniProt_2020-06-29","Proepiregulin OS=Rattus norvegicus (Rat) OX=10116 GN=Ereg PE=1 S",143086042,162,18392.021484375,220176,2,3,2,3,5,12.3362143177111,12.2637367174956,0.0724776002154304,1.69251833773511,0.0180794154817427,0.923193176260962,1.01426760987824,0.0785075129226724,0.474993067436816,-5.61927559765207,Inf,"greater",0,0.95,0.0724776002154304
"tr|A0A0G2JSV6|A0A0G2JSV6_RAT",2044576,7,11,18.4974603758054,18.0999928543222,17.6564916554237,17.1587244749823,16.6027569278446,16.5556240083968,3660,"Rattus_norvegicus_UniProt_2020-06-29","GLOBIN domain-containing protein OS=Rattus norvegicus (Rat) OX=1",143086276,142,15274.775390625,215617,3,3,3,3,6,18.0846482951838,16.7723684704079,1.31227982477587,0.176983688786478,0.11250859972693,0.310640353953683,3.81096390477624,4.22443448854535,0.00743705399566963,0.640490275375591,Inf,"greater",0,0.95,1.31227982477587
"tr|A0A0G2JUG1|A0A0G2JUG1_RAT",2044576,3,5,15.1670162522456,15.138676942635,14.4067947082802,13.3907631223777,13.4319080753473,13.4738845535886,3660,"Rattus_norvegicus_UniProt_2020-06-29","IF rod domain-containing protein OS=Rattus norvegicus (Rat) OX=1",143086439,538,57423.757204697,49655327,3,3,3,3,6,14.9041626343869,13.4321852504379,1.47197738394907,0.185731919557116,0.0017273507011614,0.249972845364103,2.03719772696162,5.88854914142789,0.013240947426572,0.751068613914819,Inf,"greater",0,0.95,1.47197738394907
"tr|A0A0G2JVI3|A0A0G2JVI3_RAT",2044576,5,5,16.5029731708145,16.349484791907,16.1950785505957,15.2019383353048,14.6909990319326,14.8853369892372,3660,"Rattus_norvegicus_UniProt_2020-06-29","Uncharacterized protein OS=Rattus norvegicus (Rat) OX=10116 GN=E",143086571,566,62336.009175227,49655538,3,3,3,3,6,16.3491788377724,14.9260914521582,1.42308738561423,0.0236998444958735,0.0665104376186092,0.173407306761165,3.264742669496,8.2066171962076,0.00137488247777374,1.02814095381415,Inf,"greater",0,0.95,1.42308738561423
"tr|A0A0G2JW69|A0A0G2JW69_RAT",2044576,1,1,13.6358824657633,12.8413127891406,13.29676652174,13.2297509978065,10.6064792394363,13.0068730346905,3660,"Rattus_norvegicus_UniProt_2020-06-29","IF rod domain-containing protein (Fragment) OS=Rattus norvegicus",143086648,484,52849.819533036,49655670,3,3,3,3,6,13.2579872588813,12.2810344239777,0.976952834903534,0.158963116172937,2.1155199461666,0.87072442298344,2.29887803909786,1.12200003711406,0.182652331709335,-1.35386364221024,Inf,"greater",0,0.95,0.976952834903534
"tr|A0A0G2JWU1|A0A0G2JWU1_RAT",2044576,2,2,15.4321343884922,15.1722051214989,15.1992060888016,13.6381543813145,13.342965213715,12.5585211626757,3660,"Rattus_norvegicus_UniProt_2020-06-29","Triosephosphate isomerase OS=Rattus norvegicus (Rat) OX=10116 GN",143086717,253,27396.979143784,49655776,3,3,3,3,6,15.2678485329309,13.1798802525684,2.08796828036249,0.0204246448119492,0.311349500111252,0.332552825339174,2.26127712841045,6.27860634842886,0.00896364608964327,1.18927057086339,Inf,"greater",0,0.95,2.08796828036249
"tr|A0A0G2JX95|A0A0G2JX95_RAT",2044576,1,1,12.7350186151204,12.9842504751222,11.9184273364585,12.0920444554833,11.8013974683732,11.8321225873968,3660,"Rattus_norvegicus_UniProt_2020-06-29","ETS domain-containing protein OS=Rattus norvegicus (Rat) OX=1011",143086778,487,54071.115677998,19357181,3,3,3,3,6,12.5458988089003,11.9085215037511,0.63737730514922,0.310819466556277,0.0254965135941189,0.33482133551612,2.32592677250595,1.90363408044686,0.0895718639267725,-0.252984380126965,Inf,"greater",0,0.95,0.63737730514922
"tr|A0A0G2JXD6|A0A0G2JXD6_RAT",2044576,1,1,13.9699098980383,14.6792671264172,14.8745689168405,14.1581857783567,13.972470008302,14.2280866376262,3660,"Rattus_norvegicus_UniProt_2020-06-29","Hydin, axonemal central pair apparatus protein OS=Rattus norvegi",143086791,5115,577050.7497832,49655899,3,3,3,3,6,14.5079153137653,14.119580808095,0.388334505670333,0.226623067849352,0.0174527230934527,0.285234284371523,2.30623226074899,1.36145802572779,0.145547835110554,-0.37381481479787,Inf,"greater",0,0.95,0.388334505670333
"tr|A0A0G2JYY8|A0A0G2JYY8_RAT",2044576,2,4,15.3119831169325,15.1967819745758,15.4825372937108,13.6697180951543,13.9402033074744,13.2191760849088,3660,"Rattus_norvegicus_UniProt_2020-06-29","Gp_dh_N domain-containing protein OS=Rattus norvegicus (Rat) OX=",143086961,335,35832.8359375,213823,3,3,3,3,6,15.3304341284064,13.6096991625125,1.72073496589388,0.0206693554717992,0.13267176812678,0.226083409090966,2.60840575667449,7.61106254020406,0.00376959550029049,1.15448076494868,Inf,"greater",0,0.95,1.72073496589388
"tr|A0A0G2K099|A0A0G2K099_RAT",2044576,2,2,14.0082605313031,13.8747963484235,14.5380844462872,12.7917224204568,13.07830706752,NA,3660,"Rattus_norvegicus_UniProt_2020-06-29","ATP synthase F1 subunit alpha OS=Rattus norvegicus (Rat) OX=1011",143087126,508,54261.467571423,49656441,3,2,3,2,5,14.1403804420046,12.9350147439884,1.20536569801618,0.123079528294732,0.0410653799661783,0.248111264183363,2.99999940193791,4.85816596027404,0.00832628083969744,0.621469673669978,Inf,"greater",0,0.95,1.20536569801618
"tr|A0A0G2K0I0|A0A0G2K0I0_RAT",2044576,1,1,14.0406681561976,13.8751946873255,13.1385667133613,12.8611602525062,13.2992639743645,12.9411796883447,3660,"Rattus_norvegicus_UniProt_2020-06-29","Anoctamin OS=Rattus norvegicus (Rat) OX=10116 GN=Ano4 PE=3 SV=1",143087152,955,111553.64329927,49656482,3,3,3,3,6,13.6848098522948,13.0338679717385,0.650941880556312,0.230631542349089,0.0544270561854024,0.308252384978333,2.89416760281749,2.11171725598187,0.0642339915576972,-0.0854313807557159,Inf,"greater",0,0.95,0.650941880556312
"tr|A0A0G2K1Y7|A0A0G2K1Y7_RAT",2044576,1,1,12.0785911562173,12.2039513040239,12.6436588539315,11.7332667569479,10.4887627792361,11.950424670712,3660,"Rattus_norvegicus_UniProt_2020-06-29","AF-4_C domain-containing protein OS=Rattus norvegicus (Rat) OX=1",143087321,1281,137934.76105659,49656762,3,3,3,3,6,12.3087337713909,11.3908180689653,0.917915702425555,0.0880598998506468,0.622067199173992,0.486527525437372,2.55511630933376,1.88666756644525,0.085734207465268,-0.313089271661712,Inf,"greater",0,0.95,0.917915702425555
"tr|A0A0G2K2E4|A0A0G2K2E4_RAT",2044576,5,7,16.5149701147137,16.209091068217,16.1959670075279,15.1431771037518,14.3197077078597,15.0016377757624,3660,"Rattus_norvegicus_UniProt_2020-06-29","Peptidyl-prolyl cis-trans isomerase OS=Rattus norvegicus (Rat) O",143087377,164,17810.660808966,19346869,3,3,3,3,6,16.3066760634862,14.8215075291246,1.48516853436155,0.032582869074826,0.193860640808062,0.274738366379657,2.6538249316346,5.40575586122985,0.00845351720231746,0.802733558265662,Inf,"greater",0,0.95,1.48516853436155
"tr|A0A0G2K3H7|A0A0G2K3H7_RAT",2044576,1,1,NA,12.9482096908994,13.0030771694069,12.4598296032809,12.7821643888854,12.2830391430842,3660,"Rattus_norvegicus_UniProt_2020-06-29","WD repeat domain 72 OS=Rattus norvegicus (Rat) OX=10116 GN=Wdr72",143087503,925,103083.06575649,49657065,2,3,2,3,5,12.9756434301531,12.5083443784168,0.467299051736267,0.0015052200988853,0.0640467653038797,0.148665839443372,2.13818236548146,3.1432846542683,0.0404092078739618,0.0517368085028646,Inf,"greater",0,0.95,0.467299051736267
"tr|A0A0G2K6W0|A0A0G2K6W0_RAT",2044576,1,1,13.7627889591935,13.535995603178,13.7799562920159,12.8552374717849,12.3412711620195,13.0453023487596,3660,"Rattus_norvegicus_UniProt_2020-06-29","Ubiquitin-like domain-containing protein OS=Rattus norvegicus (R",143087888,87,9762.7346948842,49657703,3,3,3,3,6,13.6929136181292,12.7472703275213,0.945643290607837,0.0185411268912104,0.132657656155987,0.224498539748182,2.54835495158657,4.21224695567534,0.0167528318030867,0.37686850040802,Inf,"greater",0,0.95,0.945643290607837
"tr|A0A0G2K7M1|A0A0G2K7M1_RAT",2044576,2,6,14.6252927527334,13.8996095392133,14.5068536338724,13.536581581647,11.1619591875234,11.3476545844952,3660,"Rattus_norvegicus_UniProt_2020-06-29","Glyceraldehyde-3-phosphate dehydrogenase OS=Rattus norvegicus (R",143087968,333,35669.03515625,249168,3,3,3,3,6,14.3439186419397,12.0153984512219,2.3285201907178,0.151564890293299,1.74411928233164,0.794918061317212,2.34499680750164,2.92925812612604,0.0411747717064217,0.224282648056796,Inf,"greater",0,0.95,2.3285201907178
"tr|A0A0G2K8S2|A0A0G2K8S2_RAT",2044576,5,8,16.8360958578339,16.3714678265647,16.6661680519114,15.6598969491381,14.7684416282467,14.7766103767997,3660,"Rattus_norvegicus_UniProt_2020-06-29","Gp_dh_N domain-containing protein OS=Rattus norvegicus (Rat) OX=",143088092,335,35929.23046875,223175,3,3,3,3,6,16.6245772454367,15.0683163180615,1.55626092737515,0.0552671482476847,0.26249241441197,0.325453305744288,2.80644065559492,4.78182553351576,0.0101023181446792,0.768328195106369,Inf,"greater",0,0.95,1.55626092737515
"tr|A0A0G2K904|A0A0G2K904_RAT",2044576,1,1,17.4185686423266,18.5084696050705,19.0103813179885,18.520629812257,18.4264981983259,18.1704464380905,3660,"Rattus_norvegicus_UniProt_2020-06-29","RCG56631, isoform CRA_d OS=Rattus norvegicus (Rat) OX=10116 GN=S",143088120,1034,117097.64230029,49658115,3,3,3,3,6,18.3124731884619,18.3725248162245,-0.0600516277626042,0.662277845092113,0.0328419433672498,0.481359113503755,2.19787090814632,-0.124754317676663,0.54439697801089,-1.3830071075866,Inf,"greater",0,0.95,-0.0600516277626042
"tr|A0A0G2KA35|A0A0G2KA35_RAT",2044576,1,1,12.7328796918052,11.7997782336657,13.2063683453576,NA,11.5695916739044,11.252417078322,3660,"Rattus_norvegicus_UniProt_2020-06-29","Cofilin, non-muscle isoform OS=Rattus norvegicus (Rat) OX=10116",143088253,162,17932.261201547,19361557,3,2,3,2,5,12.5796754236095,11.4110043761132,1.16867104749632,0.512227596422361,0.0502998620414461,0.442597405281041,2.52309774567076,2.64048327792216,0.0465373818406596,0.0417011380199117,Inf,"greater",0,0.95,1.16867104749632
"tr|A0A0G2KA68|A0A0G2KA68_RAT",2044576,1,1,12.1211708554134,13.1064369822493,12.8462795650431,12.5445383404755,11.1928479843493,11.5733821010598,3660,"Rattus_norvegicus_UniProt_2020-06-29","Zinc finger protein 646 OS=Rattus norvegicus (Rat) OX=10116 GN=Z",143088259,1786,197683.859375,5198160,3,3,3,3,6,12.6912958009019,11.7702561419615,0.921039658940405,0.260702310533071,0.485836245696907,0.498844851040875,3.6665469525139,1.84634492471676,0.0725266446560314,-0.170827592058037,Inf,"greater",0,0.95,0.921039658940405
"tr|A0A0G2KA73|A0A0G2KA73_RAT",2044576,1,1,12.2650582533152,13.1186429992816,13.6700450073506,10.8895056756994,11.6790608754205,NA,3660,"Rattus_norvegicus_UniProt_2020-06-29","HMG box domain-containing protein OS=Rattus norvegicus (Rat) OX=",143088260,163,18700.483976052,49658354,3,2,3,2,5,13.0179154199825,11.28428327556,1.73363214442246,0.501106478677277,0.311698706703308,0.568229571778942,2.72636314014221,3.05093615419385,0.0313502881536268,0.339849694491967,Inf,"greater",0,0.95,1.73363214442246
"tr|A0A0H2UHM7|A0A0H2UHM7_RAT",2044576,12,16,17.8135216205173,17.2969862386749,17.3069242152134,16.2817233351395,15.7406517486368,15.3660807202201,3660,"Rattus_norvegicus_UniProt_2020-06-29","Tubulin alpha chain OS=Rattus norvegicus (Rat) OX=10116 GN=LOC10",143088430,448,49774.44140625,240669,3,3,3,3,6,17.4724773581352,15.7961519346655,1.67632542346973,0.0872580825222482,0.211910552551008,0.315789294241828,3.40829314779206,5.30836685738312,0.00468565237127007,0.968084818651796,Inf,"greater",0,0.95,1.67632542346973
"tr|B2GUX8|B2GUX8_RAT",2044576,1,2,13.3405344527291,NA,12.0582686049567,11.7410862614072,11.9532412839332,NA,3660,"Rattus_norvegicus_UniProt_2020-06-29","RCG34685, isoform CRA_b OS=Rattus norvegicus (Rat) OX=10116 GN=S",143088840,392,43413.90234375,5212360,2,2,2,2,4,12.6994015288429,11.8471637726702,0.852237756172757,0.822102852181725,0.0225048767915041,0.64984910901425,1.05470854334012,1.31143944702103,0.203116672004756,-2.90801049196386,Inf,"greater",0,0.95,0.852237756172757
"tr|B4F7C2|B4F7C2_RAT",2044576,6,10,15.4948483984923,13.1015329180069,14.0151807250412,13.133100015151,10.5027397917104,12.2273512044391,3660,"Rattus_norvegicus_UniProt_2020-06-29","Tubulin beta chain OS=Rattus norvegicus (Rat) OX=10116 GN=Tubb4a",143089067,444,49553.8984375,63536,3,3,3,3,6,14.2038540138468,11.9543970037668,2.24945701007999,1.45868795471427,1.78557672301309,1.03991420763564,3.95979865851581,2.16311787411231,0.0486228805991173,0.0260366316787037,Inf,"greater",0,0.95,2.24945701007999
"tr|D3Z8P5|D3Z8P5_RAT",2044576,1,1,12.4500539155847,13.193532077671,13.283851822313,12.5607395938351,11.5087893530799,NA,3660,"Rattus_norvegicus_UniProt_2020-06-29","Pyridoxal kinase OS=Rattus norvegicus (Rat) OX=10116 GN=RGD15660",143089331,319,35247.75114672,49659037,3,2,3,2,5,12.9758126051896,12.0347644734575,0.94104813173211,0.2093560638393,0.553299654512413,0.588587446238286,1.5197815068797,1.5988246737956,0.143839283405185,-1.21179379771608,Inf,"greater",0,0.95,0.94104813173211
"tr|D3Z947|D3Z947_RAT",2044576,1,1,14.6658233218524,14.632141705437,14.2275491041389,14.1603738507711,14.0362651169802,14.1067649363231,3660,"Rattus_norvegicus_UniProt_2020-06-29","G_PROTEIN_RECEP_F1_2 domain-containing protein OS=Rattus norvegi",143089385,316,35413.61328125,235171,3,3,3,3,6,14.5085047104761,14.1011346346915,0.407370075784637,0.0594856523703002,0.00387451967314095,0.145327414302374,2.25943411282674,2.80311927202564,0.0467612862480079,0.0144476770453496,Inf,"greater",0,0.95,0.407370075784637
"tr|D3Z9D2|D3Z9D2_RAT",2044576,1,1,13.8144713156297,14.1869569208661,13.9123261049982,12.6421491130053,13.85843495807,13.5610790686681,3660,"Rattus_norvegicus_UniProt_2020-06-29","FYVE and coiled-coil domain autophagy adaptor 1 OS=Rattus norveg",143089423,1451,163451.234375,7281894,3,3,3,3,6,13.9712514471647,13.3538877132478,0.617363733916916,0.0372905284891587,0.402034007546858,0.382676772239975,2.36785384425058,1.61327725825431,0.11427504470567,-0.39021260316506,Inf,"greater",0,0.95,0.617363733916916
"tr|D3ZBN3|D3ZBN3_RAT",2044576,1,1,14.5856943466068,12.6927444322691,13.5280806518327,12.1783200821708,13.3914879195898,12.8458428408324,3660,"Rattus_norvegicus_UniProt_2020-06-29","Receptor protein-tyrosine kinase OS=Rattus norvegicus (Rat) OX=1",143089710,977,108671.0859375,5425862,3,3,3,3,6,13.6021731435695,12.805216947531,0.796956196038563,0.899932117546622,0.369181897841851,0.650413718435805,3.40455758311498,1.22530656019246,0.149206316087723,-0.662325756932457,Inf,"greater",0,0.95,0.796956196038563
"tr|D3ZC46|D3ZC46_RAT",2044576,2,2,16.4355542091611,13.9953565066223,12.3297205567882,13.5399687292523,NA,12.1813945496391,3660,"Rattus_norvegicus_UniProt_2020-06-29","Transcription factor 25 OS=Rattus norvegicus (Rat) OX=10116 GN=T",143089764,664,75274.032750056,49659151,3,2,3,2,5,14.2535437575239,12.8606816394457,1.39286211807819,4.26446298763554,0.922861900755849,1.37219481595111,2.89837266025826,1.01506149264436,0.193590991302312,-1.88309947632763,Inf,"greater",0,0.95,1.39286211807819
"tr|D3ZF45|D3ZF45_RAT",2044576,1,1,11.9046459103176,12.9889442641375,13.1059386036799,15.3793696275762,13.9837386287264,16.0902300888159,3660,"Rattus_norvegicus_UniProt_2020-06-29","HTH La-type RNA-binding domain-containing protein OS=Rattus norv",143090176,737,81034.978437827,49659260,3,3,3,3,6,12.6665095927117,15.1511127817062,-2.48460318899452,0.438749121784558,1.14840245862237,0.727358595743743,3.33355628208986,-3.41592606938803,0.982148767613201,-4.12872429014109,Inf,"greater",0,0.95,-2.48460318899452
"tr|D3ZGU4|D3ZGU4_RAT",2044576,1,1,13.8283874262335,13.3785997482298,13.8628611592938,12.6415754978814,12.3974312287625,12.1175879117293,3660,"Rattus_norvegicus_UniProt_2020-06-29","Olfactory receptor OS=Rattus norvegicus (Rat) OX=10116 GN=Olr332",143090406,319,35367.92578125,233541,3,3,3,3,6,13.6899494445857,12.3855315461244,1.30441789846131,0.0730010846334481,0.0687469494455301,0.217369143838294,3.99640037320636,6.00093405820146,0.00194575907419742,0.840900236735598,Inf,"greater",0,0.95,1.30441789846131
"tr|D3ZGY4|D3ZGY4_RAT",2044576,5,5,15.9849373013328,14.7100124100902,14.8277459897859,12.6484630658212,11.3541056748497,12.584833347435,3660,"Rattus_norvegicus_UniProt_2020-06-29","Glyceraldehyde-3-phosphate dehydrogenase OS=Rattus norvegicus (R",143090419,333,35800.13671875,246557,3,3,3,3,6,15.1742319004029,12.1958006960353,2.97843120436765,0.496397734269606,0.532350066781896,0.585590243842769,3.99512060251775,5.08620359660118,0.00353655602641868,1.72960431610689,Inf,"greater",0,0.95,2.97843120436765
"tr|D3ZMM2|D3ZMM2_RAT",2044576,1,1,12.7050037710033,12.8371331711859,11.9795127364856,11.4820970021126,10.954124164796,12.2913606666082,3660,"Rattus_norvegicus_UniProt_2020-06-29","WD repeat domain 90 OS=Rattus norvegicus (Rat) OX=10116 GN=Wdr90",143091171,1891,204797.34446685,49659484,3,3,3,3,6,12.5072165595583,11.5758606111723,0.931355948385983,0.213218038262267,0.453644076232635,0.471473616969497,3.53987218243379,1.9754147737311,0.0642884152025655,-0.112492475418718,Inf,"greater",0,0.95,0.931355948385983
"tr|D3ZRJ5|D3ZRJ5_RAT",2044576,1,1,12.4988591767463,12.6817349343538,12.9564729276964,12.5411360728401,12.678367750373,13.0551858232235,3660,"Rattus_norvegicus_UniProt_2020-06-29","Uncharacterized protein OS=Rattus norvegicus (Rat) OX=10116 GN=E",143091681,1297,147594.296875,5217525,3,3,3,3,6,12.7123556795988,12.7582298821455,-0.0458742025467131,0.053055808794166,0.0708452565357209,0.203224888018083,3.91920712424429,-0.225731223149358,0.583654153965809,-0.481697416651577,Inf,"greater",0,0.95,-0.0458742025467131
"tr|D3ZRN3|D3ZRN3_RAT",2044576,3,4,15.0948710817382,15.2606190114974,14.9930785043419,13.4840248101481,13.5613730044816,13.5459008183928,3660,"Rattus_norvegicus_UniProt_2020-06-29","Actin, beta-like 2 OS=Rattus norvegicus (Rat) OX=10116 GN=Actbl2",143091703,376,41935.8984375,222016,3,3,3,3,6,15.1161895325258,13.5304328776742,1.58575665485164,0.0182353380002408,0.00167512868422092,0.0814666939807546,2.36437192113845,19.4650915284012,0.000575907247442761,1.37108383512905,Inf,"greater",0,0.95,1.58575665485164
"tr|D4A1R0|D4A1R0_RAT",2044576,1,1,12.4373515570435,13.0232881023322,12.3056035651264,10.6940925069598,10.6338823074597,11.7825846644138,3660,"Rattus_norvegicus_UniProt_2020-06-29","DEAH-box helicase 37 OS=Rattus norvegicus (Rat) OX=10116 GN=Dhx3",143093053,1150,128549.9140625,5202680,3,3,3,3,6,12.5887477415007,11.0368531596111,1.55189458188961,0.145958377237233,0.417992924972448,0.433570948523107,3.24495392991369,3.57933248797204,0.0164122835483083,0.562192373827495,Inf,"greater",0,0.95,1.55189458188961
"tr|D4A7S9|D4A7S9_RAT",2044576,1,1,11.5017774859413,11.2635044572959,11.3042614131874,11.4866990241144,11.7448847650971,10.9549523636778,3660,"Rattus_norvegicus_UniProt_2020-06-29","Tripartite motif protein 45 (Predicted), isoform CRA_b OS=Rattus",143093858,579,64113.8671875,229242,3,3,3,3,6,11.3565144521415,11.3955120509631,-0.0389975988215614,0.0162412941049212,0.162234597757406,0.24390974550868,2.39646633227373,-0.159885365548765,0.557269961835015,-0.677016669259565,Inf,"greater",0,0.95,-0.0389975988215614
"tr|D4A901|D4A901_RAT",2044576,1,1,13.6937570019481,13.5919502056659,14.0615625567,12.0892792130652,12.530555587043,12.2670265795586,3660,"Rattus_norvegicus_UniProt_2020-06-29","BAI1-associated protein 2-like 2 OS=Rattus norvegicus (Rat) OX=1",143094023,521,58732.921816514,49660245,3,3,3,3,6,13.7824232547713,12.2956204598889,1.4868027948824,0.0610302183532406,0.0492944170520243,0.191767772236165,3.95524374431215,7.75314213407754,0.000780594849643754,1.07665049113563,Inf,"greater",0,0.95,1.4868027948824
"tr|E9PSQ0|E9PSQ0_RAT",2044576,1,1,12.2110913077931,13.0128782534864,12.8415505477534,12.637241920709,13.0956157518241,12.4270404141221,3660,"Rattus_norvegicus_UniProt_2020-06-29","Acetyl-CoA carboxylase OS=Rattus norvegicus (Rat) OX=10116 GN=Ac",143094896,2460,276080.8529474,49660464,3,3,3,3,6,12.6885067030109,12.7199660288851,-0.0314593258741542,0.178282390381199,0.116880704100959,0.313668133798637,3.83408039605859,-0.100294937497062,0.537432897221608,-0.708553380037085,Inf,"greater",0,0.95,-0.0314593258741542
"tr|E9PTN6|E9PTN6_RAT",2044576,1,3,14.911204241752,15.140063121323,14.3930167018558,13.7621510725228,13.5715892103657,13.7418903788579,3660,"Rattus_norvegicus_UniProt_2020-06-29","Glyceraldehyde-3-phosphate dehydrogenase OS=Rattus norvegicus (R",143094977,333,35992.2734375,239367,3,3,3,3,6,14.8147613549769,13.6918768872488,1.12288446772815,0.146495511016847,0.0109544678343944,0.22909239682658,2.29744408291266,4.90144798903194,0.0147298314725129,0.509415576515638,Inf,"greater",0,0.95,1.12288446772815
"tr|F1LM47|F1LM47_RAT",2044576,1,1,13.3679347812911,11.7561135767163,13.176849053374,12.9439942094715,12.3441404692526,11.9914545281845,3660,"Rattus_norvegicus_UniProt_2020-06-29","Succinate--CoA ligase [ADP-forming] subunit beta, mitochondrial",143095045,465,50274.15234375,224276,3,3,3,3,6,12.7669658037938,12.4265297356362,0.340436068157604,0.775495107594077,0.231923954518025,0.579488010261962,3.09805252007564,0.587477328484688,0.29848209495141,-1.0058922097461,Inf,"greater",0,0.95,0.340436068157604
"tr|F1LRJ8|F1LRJ8_RAT",2044576,1,1,13.1059854197095,13.4102777542157,14.7628379199662,12.2698924223775,14.1824314251285,13.6991841833473,3660,"Rattus_norvegicus_UniProt_2020-06-29","LIM homeobox transcription factor 1 alpha OS=Rattus norvegicus (",143095227,382,42815.75390625,229412,3,3,3,3,6,13.7597003646305,13.3838360102844,0.375864354346003,0.777862172403505,0.989034711951563,0.767440960672778,3.94366830033124,0.48976321776792,0.325147118824954,-1.26693994922734,Inf,"greater",0,0.95,0.375864354346003
"tr|F1LZI1|F1LZI1_RAT",2044576,1,1,13.7250711697404,13.4974654617233,13.3240779472599,12.1752759538668,12.6557248619778,12.1631464688113,3660,"Rattus_norvegicus_UniProt_2020-06-29","Similar to heat shock protein 8 OS=Rattus norvegicus (Rat) OX=10",143095813,646,70816.1640625,5208312,3,3,3,3,6,13.5155381929079,12.3313824282186,1.18415576468924,0.0404438588281885,0.078935291854542,0.199481954641458,3.62331582025161,5.93615481068249,0.00274499092526793,0.745864454682886,Inf,"greater",0,0.95,1.18415576468924
"tr|F1M1Y1|F1M1Y1_RAT",2044576,2,3,15.1248834216396,15.3142987264252,15.2129903739416,13.6804323136612,13.7075479650407,13.3943608663296,3660,"Rattus_norvegicus_UniProt_2020-06-29","Uncharacterized protein OS=Rattus norvegicus (Rat) OX=10116 GN=E",143095987,186,21067.28515625,5217568,3,3,3,3,6,15.2173908406688,13.5941137150105,1.62327712565833,0.0089840625023244,0.0301097150545179,0.114154540801556,3.09593956245174,14.2199961058071,0.000318569888773253,1.35799020331112,Inf,"greater",0,0.95,1.62327712565833
"tr|F1M6C2|F1M6C2_RAT",2044576,2,2,14.0675385591051,14.2899171950758,14.1183459909878,13.1229498852393,11.7954159171504,12.9048265166965,3660,"Rattus_norvegicus_UniProt_2020-06-29","Tr-type G domain-containing protein OS=Rattus norvegicus (Rat) O",143096269,410,44274.75,5202701,3,3,3,3,6,14.1586005817229,12.6077307730287,1.55086980869416,0.0135783884904832,0.506786019786638,0.416479054406149,2.10709567670723,3.7237642380492,0.0300464111978841,0.375878652572434,Inf,"greater",0,0.95,1.55086980869416
"tr|F1M9V3|F1M9V3_RAT",2044576,1,1,16.1955782919743,15.8828733692551,16.059650012757,14.3436896295837,14.5230063907632,14.4677239868164,3660,"Rattus_norvegicus_UniProt_2020-06-29","2-phospho-D-glycerate hydro-lyase OS=Rattus norvegicus (Rat) OX=",143096495,357,39646.125,5200850,3,3,3,3,6,16.0460338913288,14.4448066690544,1.60122722227439,0.0245851412452651,0.00843252780002614,0.104908959015728,3.22755662872107,15.2630169748833,0.000202518117109556,1.36127551974462,Inf,"greater",0,0.95,1.60122722227439
"tr|F7FGY2|F7FGY2_RAT",2044576,1,1,12.800357978826,13.0738538138585,14.0911742208398,NA,11.3405710006459,11.278501728833,3660,"Rattus_norvegicus_UniProt_2020-06-29","IRF tryptophan pentad repeat domain-containing protein OS=Rattus",143096727,456,50770.541376279,49662205,3,2,3,2,5,13.3217953378414,11.3095363647395,2.01225897310195,0.462657892147952,0.00192629725169273,0.393932032219388,2.02490132335824,5.10813746667162,0.0176662238495797,0.871572086418231,Inf,"greater",0,0.95,2.01225897310195
"tr|G3V6B9|G3V6B9_RAT",2044576,1,1,12.220320884796,12.8745640335793,12.8109742029776,12.2904677509433,NA,11.6407013558688,3660,"Rattus_norvegicus_UniProt_2020-06-29","Tyrosine-protein phosphatase non-receptor type OS=Rattus norvegi",143096809,926,105745.8828125,223900,3,2,3,2,5,12.6352863737843,11.965584553406,0.669701820378247,0.130158184427429,0.211098184084036,0.385921175264882,1.83596034233393,1.73533318019823,0.11791962414338,-0.528939966545984,Inf,"greater",0,0.95,0.669701820378247
"tr|G3V7Q7|G3V7Q7_RAT",2044576,1,1,13.569206486838,13.742157536719,13.8744366365224,13.0878486020597,12.4686842010336,12.7751143462638,3660,"Rattus_norvegicus_UniProt_2020-06-29","IQ motif containing GTPase activating protein 1 (Predicted), iso",143096939,1657,188714.27819459,19344405,3,3,3,3,6,13.7286002200265,12.7772157164524,0.951384503574115,0.0234292116960193,0.0958444506920094,0.199393799960471,2.92266663743407,4.77138458549225,0.00927740021323119,0.47703308062725,Inf,"greater",0,0.95,0.951384503574115
"tr|G3V9A3|G3V9A3_RAT",2044576,3,3,15.5812388382624,15.5672074675457,15.6661900796187,13.8990818030486,13.5814213418388,14.6010493765952,3660,"Rattus_norvegicus_UniProt_2020-06-29","14_3_3 domain-containing protein OS=Rattus norvegicus (Rat) OX=1",143097092,248,27729.717533038,49662752,3,3,3,3,6,15.6048787951423,14.0271841738275,1.57769462131474,0.00286852504416061,0.272217995364688,0.302812659581711,2.04214573032323,5.21013429060093,0.0167056757258994,0.705805874960288,Inf,"greater",0,0.95,1.57769462131474
"tr|M0R5J4|M0R5J4_RAT",2044576,8,11,16.3766923077745,15.9094813447715,15.7116783559509,14.7942672635334,14.0141195881343,13.5736696702625,3660,"Rattus_norvegicus_UniProt_2020-06-29","2-phospho-D-glycerate hydro-lyase OS=Rattus norvegicus (Rat) OX=",143097427,434,47045.15086572,49663065,3,3,3,3,6,15.9992840028323,14.1273521739767,1.87193182885558,0.116609277076108,0.382080835047085,0.407713180280449,3.11676140219589,4.59129584078679,0.00892634935460376,0.926912672492287,Inf,"greater",0,0.95,1.87193182885558
"tr|M0R6Y8|M0R6Y8_RAT",2044576,3,5,14.4196975465898,15.0422484941809,14.5679216442212,13.1778680277713,11.7738411675471,12.8758261293153,3660,"Rattus_norvegicus_UniProt_2020-06-29","Phosphoglycerate kinase OS=Rattus norvegicus (Rat) OX=10116 GN=R",143097598,395,41934.667535947,33534431,3,3,3,3,6,14.6766225616639,12.6091784415446,2.06744412011935,0.105754337676349,0.546148598102898,0.466155530475701,2.74655411855075,4.43509512374459,0.0127878165259774,0.927884490977386,Inf,"greater",0,0.95,2.06744412011935
"tr|M0R8B6|M0R8B6_RAT",2044576,2,2,14.361523703058,13.656817215853,13.8352796987802,13.2132628565868,12.9688722809044,11.7021986640339,3660,"Rattus_norvegicus_UniProt_2020-06-29","Tubulin beta chain OS=Rattus norvegicus (Rat) OX=10116 GN=Tubb1",143097750,452,50383.59765625,5211861,3,3,3,3,6,13.9512068725637,12.628111267175,1.3230956053887,0.134232140493277,0.657917299862227,0.513857775509756,2.78348946198567,2.57482842227339,0.0442981035571997,0.0744730931958495,Inf,"greater",0,0.95,1.3230956053887
"tr|M0RD14|M0RD14_RAT",2044576,6,6,15.7849808586747,15.291624906215,15.9505260155607,13.6888133247018,14.1547310119357,14.2238403269974,3660,"Rattus_norvegicus_UniProt_2020-06-29","Pyruvate kinase OS=Rattus norvegicus (Rat) OX=10116 GN=LOC100362",143098305,486,52739.327606128,49663806,3,3,3,3,6,15.6757105934835,14.022461554545,1.65324903893846,0.117492661115475,0.0846848803151746,0.259600681451757,3.89737340854909,6.36843104452978,0.00170197446834265,1.09560636010339,Inf,"greater",0,0.95,1.65324903893846
"tr|Q4V8G6|Q4V8G6_RAT",2044576,1,1,12.2354907312083,12.5548041594702,11.9896628617912,11.5159703227502,12.650178591188,12.8835673617825,3660,"Rattus_norvegicus_UniProt_2020-06-29","Methyltransferase-like 3 OS=Rattus norvegicus (Rat) OX=10116 GN=",143098696,580,64644.71484375,212870,3,3,3,3,6,12.2599859174899,12.3499054252402,-0.0899195077503716,0.0802961821987839,0.535203395933673,0.452953116827948,2.58690658071368,-0.198518355233059,0.571404503370086,-1.22898924541042,Inf,"greater",0,0.95,-0.0899195077503716
"tr|Q568Y6|Q568Y6_RAT",2044576,1,1,11.9643553091119,11.7899673016864,12.0797129268288,NA,11.4878386234319,11.3927896563593,3660,"Rattus_norvegicus_UniProt_2020-06-29","DNA methyltransferase 1-associated protein 1 OS=Rattus norvegicu",143098724,468,53140.88671875,224809,3,2,3,2,5,11.9446785125424,11.4403141398956,0.504364372646805,0.0212785140647262,0.0045171530707787,0.0967027122523703,2.89036394593886,5.21561764814349,0.00751368439029535,0.273225027252698,Inf,"greater",0,0.95,0.504364372646805
"tr|Q6IFU9|Q6IFU9_RAT",2044576,1,1,13.644380198657,13.1363238540578,13.7321695617194,13.2752238755724,12.1292715092517,13.2597462055618,3660,"Rattus_norvegicus_UniProt_2020-06-29","IF rod domain-containing protein OS=Rattus norvegicus (Rat) OX=1",143099274,463,50745.71484375,234040,3,3,3,3,6,13.5042912048114,12.8880805301287,0.616210674682755,0.103476721482195,0.431903237190411,0.422445246421595,2.90631018100713,1.45867584001119,0.121768483548807,-0.391159145370476,Inf,"greater",0,0.95,0.616210674682755
"tr|Q80ZA3|Q80ZA3_RAT",2044576,1,1,13.3068976063627,14.1542062191404,13.1344852117588,13.547858005281,13.0686398213489,12.4775002579358,3660,"Rattus_norvegicus_UniProt_2020-06-29","SERPIN domain-containing protein OS=Rattus norvegicus (Rat) OX=1",143099544,418,46436.18359375,213970,3,3,3,3,6,13.5318630124206,13.0313326948553,0.500530317565362,0.297914808665944,0.287460293090877,0.441729593664428,3.99872455767368,1.13311474880627,0.160248875996215,-0.441255805389456,Inf,"greater",0,0.95,0.500530317565362
