"Protein","Count_ABP","Count_Comp","Count_NP","Mean_ABP","Mean_Comp","Mean_NP","Fold_change_ABP_vs_Comp","Fold_change_ABP_vs_NP","Fold_change_Comp_vs_NP","P_value_A_ABP_vs_Comp","P_value_A_ABP_vs_NP","P_value_A_Comp_vs_NP","Flag_A_ABP_vs_Comp","Flag_A_ABP_vs_NP","Flag_A_Comp_vs_NP"
"tr|B4F7B3|B4F7B3_RAT",0,0,0,NA,NA,NA,NA,NA,NA,NA,NA,NA,0,0,0
"tr|Q6IMA9|Q6IMA9_RAT",3,3,1,1.59101880131666,1.26389081962967,-0.976961517822008,0.327127981686985,2.56798031913867,2.24085233745168,0.485052164148798,0.0129934853236772,0.020431894663821,0,1,1
"tr|D3ZQE7|D3ZQE7_RAT",0,0,0,NA,NA,NA,NA,NA,NA,NA,NA,NA,0,0,0
"sp|P10719|ATPB_RAT",3,3,3,3.64539429328992,3.00025393412935,-0.678735921392015,0.645140359160561,4.32413021468193,3.67898985552137,0.2677757682783,0.000179065322801897,0.00043526383897955,0,1,1
"sp|Q68FX0|IDH3B_RAT",3,3,2,2.07336633342552,1.64106698413751,-1.29767938738318,0.432299349288006,3.37104572080869,2.93874637152069,0.0255204076012899,3.65519354269413e-06,7.20947942619056e-06,1,1,1
"sp|D4ABB8|ATP9B_RAT",3,3,2,2.4623681209644,0.494211220586962,1.26229502824328,1.96815690037744,1.20007309272112,-0.768083807656318,0.00631076847324908,0.057056384019536,0.175837067052843,1,0,0
"sp|Q9JIX5|CHD8_RAT",3,3,3,0.037714867156062,-0.594922006939882,0.337067237469254,0.632636874095944,-0.299352370313192,-0.931989244409135,0.116069987403917,0.41844276800227,0.0353731351161701,0,0,-1
"sp|A4L9P5|HIPK1_RAT",0,0,0,NA,NA,NA,NA,NA,NA,NA,NA,NA,0,0,0
"sp|Q6AXQ7|IQCAL_RAT",0,0,0,NA,NA,NA,NA,NA,NA,NA,NA,NA,0,0,0
"sp|Q66HA4|TAXB1_RAT",0,0,0,NA,NA,NA,NA,NA,NA,NA,NA,NA,0,0,0
"tr|A0A0G2K1Y7|A0A0G2K1Y7_RAT",3,3,3,1.72182535656379,1.59649586019081,1.51960237359949,0.12532949637298,0.2022229829643,0.07689348659132,0.775727115197325,0.647628176112451,0.860934824420919,0,0,0
"tr|Q7TPA7|Q7TPA7_RAT",0,0,0,NA,NA,NA,NA,NA,NA,NA,NA,NA,0,0,0
"tr|D4A678|D4A678_RAT",0,0,0,NA,NA,NA,NA,NA,NA,NA,NA,NA,0,0,0
"tr|A0A0G2K212|A0A0G2K212_RAT",0,0,0,NA,NA,NA,NA,NA,NA,NA,NA,NA,0,0,0
"tr|D3ZVN9|D3ZVN9_RAT",0,0,0,NA,NA,NA,NA,NA,NA,NA,NA,NA,0,0,0
"sp|Q5M948|TAF1D_RAT",0,0,0,NA,NA,NA,NA,NA,NA,NA,NA,NA,0,0,0
"sp|Q99NA5|IDH3A_RAT",3,3,2,2.37874351023512,2.25370007130337,-2.00749785003066,0.12504343893175,4.38624136026578,4.26119792133403,0.0894604016560021,1.51563273547362e-08,1.75119484480165e-08,0,1,1
"tr|F1M2M6|F1M2M6_RAT",0,0,0,NA,NA,NA,NA,NA,NA,NA,NA,NA,0,0,0
"sp|P97685|NFASC_RAT",0,0,0,NA,NA,NA,NA,NA,NA,NA,NA,NA,0,0,0
"tr|D4Q8I2|D4Q8I2_RAT",0,0,0,NA,NA,NA,NA,NA,NA,NA,NA,NA,0,0,0
"tr|M0R410|M0R410_RAT",0,0,0,NA,NA,NA,NA,NA,NA,NA,NA,NA,0,0,0
"sp|P11497|ACACA_RAT",0,0,0,NA,NA,NA,NA,NA,NA,NA,NA,NA,0,0,0
"sp|Q566R3|GPTC4_RAT",0,0,0,NA,NA,NA,NA,NA,NA,NA,NA,NA,0,0,0
"sp|P10686|PLCG1_RAT",0,0,0,NA,NA,NA,NA,NA,NA,NA,NA,NA,0,0,0
"tr|F1M0N1|F1M0N1_RAT",0,0,0,NA,NA,NA,NA,NA,NA,NA,NA,NA,0,0,0
"tr|A0A0G2KB19|A0A0G2KB19_RAT",0,0,0,NA,NA,NA,NA,NA,NA,NA,NA,NA,0,0,0
"tr|A0A0G2JSV6|A0A0G2JSV6_RAT",3,3,3,2.58470967747119,2.06517908654314,-0.586305209604053,0.519530590928042,3.17101488707524,2.6514842961472,0.15373340316358,5.91563163330743e-05,0.00016239943594634,0,1,1
"tr|M0RD14|M0RD14_RAT",3,3,3,2.50443122576271,2.1591464874548,-0.638954888942013,0.345284738307912,3.14338611470472,2.79810137639681,0.182729521031454,9.35098525536884e-06,1.84015530315088e-05,0,1,1
"sp|P62260|1433E_RAT",3,3,2,4.0073516962138,3.8149086145656,-2.12702263773013,0.192443081648199,6.13437433394393,5.94193125229573,0.722280699794219,0.000122221427836399,0.000142497623785678,0,1,1
"tr|F1M6C2|F1M6C2_RAT",3,3,3,3.02284903418909,2.38575371883611,-0.709594283055333,0.637095315352979,3.73244331724442,3.09534800189144,0.097830890543281,2.62757980163366e-05,7.67181822286816e-05,0,1,1
"sp|P11348|DHPR_RAT",0,0,0,NA,NA,NA,NA,NA,NA,NA,NA,NA,0,0,0
"sp|P05065|ALDOA_RAT",3,3,3,1.84441539948461,1.42856180521679,-0.862035173118109,0.415853594267818,2.70645057260272,2.2905969783349,0.0269427294493581,1.39741318653569e-06,3.7379237121072e-06,1,1,1
"sp|Q6P6R2|DLDH_RAT",3,3,2,2.14917140980523,1.90640016915162,-1.8106720402668,0.242771240653615,3.95984345007204,3.71707220941842,0.221447536265821,5.27390122205145e-06,7.21145834739406e-06,0,1,1
"sp|P02091|HBB1_RAT",3,3,3,3.4463020290827,3.11202309502141,-0.958356058898813,0.334278934061289,4.40465808798152,4.07037915392023,0.470408953295788,5.32430737661843e-05,8.34122489520737e-05,0,1,1
"sp|P35763|PERF_RAT",0,0,0,NA,NA,NA,NA,NA,NA,NA,NA,NA,0,0,0
"sp|P52873|PYC_RAT",3,3,3,2.2009499186582,1.93781239457331,1.37926167594237,0.26313752408489,0.821688242715831,0.55855071863094,0.568294983816542,0.108488469588673,0.24749184481899,0,0,0
"sp|P06687|AT1A3_RAT",3,3,2,2.2855500202824,2.06842215514905,-2.8134826650555,0.217127865133353,5.09903268533791,4.88190482020455,0.747031733167416,0.000825694112871059,0.0010087879498999,0,1,1
"sp|P34058|HS90B_RAT",3,3,2,2.08421264127147,1.43177458147908,-1.21634679791764,0.652438059792387,3.30055943918911,2.64812137939672,0.0517680319449403,8.70804409502678e-05,0.000250939889415072,0,1,1
"sp|Q9JLJ3|AL9A1_RAT",3,3,1,2.35630058329757,2.13156059017397,-0.702189826354364,0.2247399931236,3.05849040965193,2.83375041652833,0.37458760074525,0.000656069673957069,0.00088020105729185,0,1,1
"tr|F1M9V7|F1M9V7_RAT",3,3,3,2.31669434337305,2.05224504979803,-2.47517459912998,0.264449293575025,4.79186894250303,4.527419648928,0.64225151955944,0.000115032398960659,0.000158137038118319,0,1,1
"sp|P60711|ACTB_RAT",3,3,3,1.93760095459276,1.77170553404592,-0.906813823802054,0.165895420546837,2.84441477839481,2.67851935784798,0.630536550952858,0.000128601059807897,0.000179942984574065,0,1,1
"sp|B0BNA5|COTL1_RAT",0,0,0,NA,NA,NA,NA,NA,NA,NA,NA,NA,0,0,0
"sp|P05197|EF2_RAT",3,3,2,2.43454879004753,2.24126000681537,-0.524372527867936,0.193288783232167,2.95892131791547,2.7656325346833,0.494440572177642,0.0001640716573214,0.000226689844296842,0,1,1
"tr|F1LTW8|F1LTW8_RAT",0,0,0,NA,NA,NA,NA,NA,NA,NA,NA,NA,0,0,0
"sp|P13233|CN37_RAT",3,3,2,3.05522984265092,3.06282717072676,-1.50017226927317,-0.00759732807583768,4.5554021119241,4.56299943999993,0.977823410567043,1.92510463944733e-05,1.9094034633187e-05,0,1,1
"sp|P30835|PFKAL_RAT",0,0,0,NA,NA,NA,NA,NA,NA,NA,NA,NA,0,0,0
"sp|P07943|ALDR_RAT",0,0,0,NA,NA,NA,NA,NA,NA,NA,NA,NA,0,0,0
"tr|D3Z822|D3Z822_RAT",0,0,0,NA,NA,NA,NA,NA,NA,NA,NA,NA,0,0,0
"tr|M0R523|M0R523_RAT",0,0,0,NA,NA,NA,NA,NA,NA,NA,NA,NA,0,0,0
"tr|Q6MG72|Q6MG72_RAT",0,0,0,NA,NA,NA,NA,NA,NA,NA,NA,NA,0,0,0
"tr|F1M949|F1M949_RAT",3,3,1,3.15616370717478,2.64728071269894,-0.562893368615807,0.508882994475842,3.71905707579058,3.21017408131474,0.123069070475878,0.000546398885999469,0.000963332266744618,0,1,1
"sp|P63086|MK01_RAT",3,3,0,2.00260590417584,1.53334327949341,NA,0.469262624682428,NA,NA,0.164558634888872,NA,NA,0,0,0
"sp|P21708|MK03_RAT",3,3,0,2.21343166989656,2.0847412516881,NA,0.128690418208465,NA,NA,0.509820197478327,NA,NA,0,0,0
"sp|Q499N5|ACSF2_RAT",3,3,1,1.52265989771868,0.951536247234122,0.776147383375454,0.571123650484556,0.746512514343224,0.175388863858668,0.256098254670837,0.28821662833481,0.788007705823617,0,0,0
"tr|D3ZB78|D3ZB78_RAT",3,3,0,1.70523467930783,1.50294551365353,NA,0.2022891656543,NA,NA,0.306409200372408,NA,NA,0,0,0
"sp|P21575|DYN1_RAT",3,3,2,2.08698899146398,1.85146804963206,-1.15307732277015,0.235520941831921,3.24006631423414,3.00454537240222,0.0872682324426275,1.53915724455867e-06,2.23900620378227e-06,0,1,1
"sp|P02770|ALBU_RAT",3,3,2,2.96068321719103,2.33426121424266,-0.944116768739911,0.626422002948367,3.90479998593094,3.27837798298257,0.0192874731491359,7.54678814269362e-06,1.78698626019337e-05,1,1,1
"tr|E9PTR3|E9PTR3_RAT",0,0,0,NA,NA,NA,NA,NA,NA,NA,NA,NA,0,0,0
"sp|O35814|STIP1_RAT",3,3,1,2.36526626962836,1.70240635252597,0.133589087224545,0.662859917102382,2.23167718240381,1.56881726530143,0.0539096132706963,0.00299869548374685,0.0106251933366282,0,1,1
"tr|F1LM47|F1LM47_RAT",3,3,2,2.54773946390231,2.14281603167716,-2.3540218260901,0.404923432225155,4.90176128999241,4.49683785776725,0.299058833263122,5.72073589225665e-05,8.69540900944332e-05,0,1,1
"sp|P60901|PSA6_RAT",3,3,2,2.36795739988359,2.10398762344672,0.286287582259882,0.263969776436878,2.08166981762371,1.81770004118683,0.451284412177514,0.00221441704961785,0.0040022042551633,0,1,1
"sp|P11517|HBB2_RAT",3,3,3,2.03416489545572,1.56570362010936,-0.556700943497597,0.468461275346356,2.59086583895331,2.12240456360696,0.348539893893382,0.001352259461281,0.00366839283536927,0,1,1
"sp|P32551|QCR2_RAT",0,0,0,NA,NA,NA,NA,NA,NA,NA,NA,NA,0,0,0
"tr|A0A0G2K099|A0A0G2K099_RAT",3,3,3,2.53897750452973,2.18815887958275,-2.50310241739728,0.350818624946979,5.04207992192701,4.69126129698003,0.683370246376389,0.000842720336407874,0.0012290886939603,0,1,1
"tr|M0R5J4|M0R5J4_RAT",3,3,3,1.88528696199095,1.33095187191288,-0.108808550586204,0.554335090078075,1.99409551257716,1.43976042249908,0.00502451313938605,4.54040928801723e-06,3.0242703187449e-05,1,1,1
"sp|P50137|TKT_RAT",3,3,1,1.88834744814974,1.71054198882493,-0.142203363626573,0.177805459324803,2.03055081177631,1.85274535245151,0.542908376261552,0.00583328134559166,0.00808054776734116,0,1,1
"tr|B4F7A3|B4F7A3_RAT",3,3,1,1.06385265384275,0.682538981485535,-0.513692001788966,0.381313672357214,1.57754465563172,1.1962309832745,0.275665570988984,0.0210089498249038,0.0488872352165889,0,1,1
"sp|P47942|DPYL2_RAT",3,3,3,3.46835964883256,3.00525239682843,-3.00438847287605,0.463107252004133,6.47274812170861,6.00964086970448,0.0421858554720196,3.08549686417109e-08,4.80754716296267e-08,1,1,1
"sp|Q62950|DPYL1_RAT",3,3,3,3.45991070598584,3.10300589170215,-1.73514246316568,0.356904814283683,5.19505316915152,4.83814835486784,0.390212903319186,1.03415911734955e-05,1.5648921188021e-05,0,1,1
"sp|D3ZQL7|TPPP_RAT",3,3,0,1.33051722859654,1.01086420600342,NA,0.319653022593119,NA,NA,0.090148710230071,NA,NA,0,0,0
"sp|P68255|1433T_RAT",0,0,0,NA,NA,NA,NA,NA,NA,NA,NA,NA,0,0,0
"sp|P35213|1433B_RAT",3,3,3,2.97803433161713,2.56304117141977,-1.64163104508485,0.414993160197358,4.61966537670198,4.20467221650462,0.440467940125851,9.33540250975578e-05,0.000158426679079685,0,1,1
"sp|P61765|STXB1_RAT",3,3,3,3.02905268603804,2.79469351040304,-1.24999404383886,0.234359175635006,4.27904672987691,4.0446875542419,0.670604990388105,0.000182226329399115,0.000248986929914049,0,1,1
"sp|P62815|VATB2_RAT",0,0,0,NA,NA,NA,NA,NA,NA,NA,NA,NA,0,0,0
"tr|F7FGY2|F7FGY2_RAT",3,3,2,3.41424813386925,2.72755885295783,-1.07524477472467,0.686689280911414,4.48949290859391,3.8028036276825,0.0555584832759887,2.79068989550001e-05,6.27664596232497e-05,0,1,1
"tr|E9PTG1|E9PTG1_RAT",0,0,0,NA,NA,NA,NA,NA,NA,NA,NA,NA,0,0,0
"sp|P29101|SYT2_RAT",0,0,0,NA,NA,NA,NA,NA,NA,NA,NA,NA,0,0,0
"sp|Q08877|DYN3_RAT",0,0,0,NA,NA,NA,NA,NA,NA,NA,NA,NA,0,0,0
"sp|Q6IFW6|K1C10_RAT",3,3,3,2.85537094121259,3.02081287091515,1.60600474397512,-0.165441929702565,1.24936619723747,1.41480812694003,0.856837185335821,0.204836603841529,0.158433128218193,0,0,0
"tr|A0A0G2JVI3|A0A0G2JVI3_RAT",3,3,1,2.32729584576457,2.10140475261481,-1.24587472497288,0.225891093149769,3.57317057073746,3.34727947758769,0.127867987504115,2.80405989434417e-05,3.63381266344169e-05,0,1,1
"tr|D3ZBC9|D3ZBC9_RAT",0,0,0,NA,NA,NA,NA,NA,NA,NA,NA,NA,0,0,0
"sp|Q6AY84|SCRN1_RAT",3,3,3,2.31241267816709,2.0047291322174,-0.65800347618745,0.307683545949688,2.97041615435454,2.66273260840485,0.279361116719,2.62518523348085e-05,4.92050360525165e-05,0,1,1
"tr|A0A0G2KA73|A0A0G2KA73_RAT",3,3,3,1.99389749093794,1.16264917928869,-0.509246480028693,0.831248311649251,2.50314397096663,1.67189565931738,0.0847793433876609,0.000804363453659894,0.00602429416080976,0,1,1
"sp|Q9ER34|ACON_RAT",3,3,3,1.99292331358812,1.75311458341843,-0.792069975799344,0.239808730169691,2.78499328938746,2.54518455921777,0.405519396697161,4.66037832976796e-05,7.78475527994537e-05,0,1,1
"sp|P10860|DHE3_RAT",3,3,3,2.22063219902322,1.6400378375675,-1.90577810839649,0.580594361455715,4.1264103074197,3.54581594596399,0.180444306776716,3.78761895217154e-05,8.99045966495061e-05,0,1,1
"tr|D3ZGX8|D3ZGX8_RAT",0,0,0,NA,NA,NA,NA,NA,NA,NA,NA,NA,0,0,0
"sp|O88989|MDHC_RAT",3,3,3,2.61857687042537,1.99920903549306,-1.46286969129949,0.619367834932308,4.08144656172487,3.46207872679256,0.124814404794658,2.29259593279473e-05,5.89944054417746e-05,0,1,1
"sp|P07335|KCRB_RAT",3,3,2,2.85425942894293,2.53929911872133,-3.42567469610753,0.314960310221597,6.27993412505046,5.96497381482886,0.540588176445954,7.99781935657658e-05,0.000102601916906129,0,1,1
"sp|P62738|ACTA_RAT",0,0,0,NA,NA,NA,NA,NA,NA,NA,NA,NA,0,0,0
"tr|A0A0G2K5K7|A0A0G2K5K7_RAT",0,0,0,NA,NA,NA,NA,NA,NA,NA,NA,NA,0,0,0
"sp|P15146|MTAP2_RAT",0,0,0,NA,NA,NA,NA,NA,NA,NA,NA,NA,0,0,0
"sp|Q5XIF6|TBA4A_RAT",3,3,1,2.30388284283051,1.46107630099929,0.0626880557476409,0.842806541831215,2.24119478708287,1.39838824525165,0.0154989170540077,0.00159873423671417,0.0089743991655199,1,1,1
"tr|A0A0H2UHM7|A0A0H2UHM7_RAT",3,3,3,3.45683812325587,3.48444245106861,-1.56712241762183,-0.0276043278127451,5.0239605408777,5.05156486869044,0.961228530678795,9.1685346290095e-05,8.8887770243133e-05,0,1,1
"sp|P04642|LDHA_RAT",3,3,3,2.48534385164548,1.9499368846387,-0.895261932049884,0.535406967006778,3.38060578369536,2.84519881668858,0.0712334097908974,8.94155292892903e-06,2.43488000436658e-05,0,1,1
"tr|D3ZW47|D3ZW47_RAT",0,0,0,NA,NA,NA,NA,NA,NA,NA,NA,NA,0,0,0
"sp|Q498D5|RMD2_RAT",3,3,0,2.73718366083898,2.28024527936513,NA,0.456938381473842,NA,NA,0.156116810585971,NA,NA,0,0,0
"sp|P35704|PRDX2_RAT",3,3,2,1.86012358349751,1.12874519395237,0.105893261726848,0.731378389545139,1.75423032177066,1.02285193222553,0.076177260727739,0.0049541438078912,0.0384765786179499,0,1,1
"sp|Q8CJ58|CLRN1_RAT",0,0,0,NA,NA,NA,NA,NA,NA,NA,NA,NA,0,0,0
"sp|P37377|SYUA_RAT",3,3,0,2.14883497518813,1.75239183802979,NA,0.396443137158341,NA,NA,0.158916196572103,NA,NA,0,0,0
"tr|F1M1Y4|F1M1Y4_RAT",0,0,0,NA,NA,NA,NA,NA,NA,NA,NA,NA,0,0,0
"tr|D4A133|D4A133_RAT",3,3,3,2.26057622179038,1.8752924282695,-1.02444446368651,0.385283793520879,3.28502068547689,2.89973689195601,0.340734212281826,0.000117847795223139,0.000236294884040827,0,1,1
"tr|B1WBV2|B1WBV2_RAT",0,0,0,NA,NA,NA,NA,NA,NA,NA,NA,NA,0,0,0
"sp|P15999|ATPA_RAT",3,3,2,2.55546546011992,2.13599425164722,-1.45504643965295,0.419471208472698,4.01051189977287,3.59104069130018,0.133572610217131,2.16229341906562e-05,3.71543511944301e-05,0,1,1
"sp|P10687|PLCB1_RAT",0,0,0,NA,NA,NA,NA,NA,NA,NA,NA,NA,0,0,0
"tr|B5DF71|B5DF71_RAT",0,0,0,NA,NA,NA,NA,NA,NA,NA,NA,NA,0,0,0
"sp|Q6QD51|CCD80_RAT",0,0,0,NA,NA,NA,NA,NA,NA,NA,NA,NA,0,0,0
"sp|Q62927|CNGA1_RAT",0,0,0,NA,NA,NA,NA,NA,NA,NA,NA,NA,0,0,0
"tr|F1MAP6|F1MAP6_RAT",0,0,0,NA,NA,NA,NA,NA,NA,NA,NA,NA,0,0,0
"sp|A2VD12|PBIP1_RAT",0,0,0,NA,NA,NA,NA,NA,NA,NA,NA,NA,0,0,0
"sp|P16617|PGK1_RAT",3,3,3,2.43230456443192,1.98306732528934,-1.55376124922164,0.449237239142582,3.98606581365356,3.53682857451098,0.17228606412713,9.21407389539133e-06,1.84751132606485e-05,0,1,1
"sp|P45953|ACADV_RAT",0,0,0,NA,NA,NA,NA,NA,NA,NA,NA,NA,0,0,0
"tr|D3ZZH7|D3ZZH7_RAT",0,0,0,NA,NA,NA,NA,NA,NA,NA,NA,NA,0,0,0
"tr|A0A0G2K693|A0A0G2K693_RAT",0,0,0,NA,NA,NA,NA,NA,NA,NA,NA,NA,0,0,0
"tr|A0A0G2K214|A0A0G2K214_RAT",0,0,0,NA,NA,NA,NA,NA,NA,NA,NA,NA,0,0,0
"tr|F1M4U9|F1M4U9_RAT",0,0,0,NA,NA,NA,NA,NA,NA,NA,NA,NA,0,0,0
"tr|D3ZJX1|D3ZJX1_RAT",0,0,0,NA,NA,NA,NA,NA,NA,NA,NA,NA,0,0,0
"sp|Q62689|JAK2_RAT",0,0,0,NA,NA,NA,NA,NA,NA,NA,NA,NA,0,0,0
"sp|Q3SWT6|PPE1_RAT",0,0,0,NA,NA,NA,NA,NA,NA,NA,NA,NA,0,0,0
"tr|A0A0G2JYA4|A0A0G2JYA4_RAT",3,3,0,1.95708379023133,1.20940134164315,NA,0.747682448588187,NA,NA,0.0379415000520185,NA,NA,1,0,0
"sp|P04636|MDHM_RAT",3,3,3,2.27882559922569,1.69623441020524,-0.976416181289101,0.58259118902045,3.25524178051479,2.67265059149434,0.00567236947111449,3.91584859968842e-07,1.26110559172743e-06,1,1,1
"sp|P69897|TBB5_RAT",3,3,2,3.49136859051941,3.90653182183914,-1.65965383545558,-0.415163231319731,5.151022425975,5.56618565729473,0.32912299868394,7.10554114215687e-05,4.87281815957331e-05,0,1,1
"sp|P02650|APOE_RAT",3,3,2,2.49525010517569,1.89667524358579,-0.918761330621876,0.598574861589902,3.41401143579757,2.81543657420766,0.0317502398455806,2.33214415015291e-05,5.98353516387571e-05,1,1,1
"tr|D3Z947|D3Z947_RAT",3,3,3,1.61171437670865,2.08438833096519,1.05394588608097,-0.472673954256544,0.557768490627682,1.03044244488423,0.40886552434922,0.335207096855458,0.101105892535338,0,0,0
"sp|Q9Z2Q1|SC31A_RAT",0,0,0,NA,NA,NA,NA,NA,NA,NA,NA,NA,0,0,0
"tr|A0A0G2K459|A0A0G2K459_RAT",0,0,0,NA,NA,NA,NA,NA,NA,NA,NA,NA,0,0,0
"sp|Q66HA2|CR3L1_RAT",0,0,0,NA,NA,NA,NA,NA,NA,NA,NA,NA,0,0,0
"sp|P23565|AINX_RAT",0,0,0,NA,NA,NA,NA,NA,NA,NA,NA,NA,0,0,0
"tr|A0A0G2K2E4|A0A0G2K2E4_RAT",3,3,3,2.6109018733955,2.63334985455119,-0.316654869993746,-0.0224479811556884,2.92755674338925,2.95000472454494,0.959273826523452,0.000442853392013331,0.000424889809641271,0,1,1
"sp|P11980|KPYM_RAT",3,3,3,1.90771636374001,1.87711653665813,-0.819737958462155,0.0305998270818777,2.72745432220217,2.69685449512029,0.927089376227904,0.000144656331710445,0.000154078545049693,0,1,1
"sp|P14882|PCCA_RAT",3,3,3,1.74319081062225,1.85704628306366,1.07523894207159,-0.113855472441412,0.667951868550659,0.781807340992072,0.711883140979067,0.0634672801339801,0.0375430722680826,0,0,1
"tr|A0A0G2JX61|A0A0G2JX61_RAT",3,3,2,3.25403174037657,2.85683136655724,0.0575704339488918,0.397200373819326,3.19646130642767,2.79926093260835,0.148507752183647,6.31869036238583e-05,0.000120150149568023,0,1,1
"sp|Q4QRB4|TBB3_RAT",0,0,0,NA,NA,NA,NA,NA,NA,NA,NA,NA,0,0,0
"sp|P85108|TBB2A_RAT",3,3,3,4.65424306993186,4.79383502785767,-0.464684285585578,-0.139591957925814,5.11892735551744,5.25851931344325,0.76331779529326,2.52426219556374e-05,2.16073076564866e-05,0,1,1
"tr|M0R7M8|M0R7M8_RAT",3,3,1,1.94634693039214,2.01367636158104,-0.771782175963066,-0.0673294311889061,2.7181291063552,2.78545853754411,0.804980028467908,0.00166555441881963,0.00151823960635352,0,1,1
"sp|P82995|HS90A_RAT",3,3,2,2.40600849759016,1.83919191667625,-1.79870343552186,0.566816580913913,4.20471193311202,3.63789535219811,0.169984638032485,0.000127362398879254,0.000254859690856274,0,1,1
"sp|P02688|MBP_RAT",3,3,3,2.35873569333182,1.96241642452798,-1.24612023560927,0.396319268803846,3.60485592894109,3.20853666013725,0.105515966746497,2.37162926864231e-06,4.7063274282458e-06,0,1,1
"sp|P47875|CSRP1_RAT",0,0,0,NA,NA,NA,NA,NA,NA,NA,NA,NA,0,0,0
"sp|P63102|1433Z_RAT",3,3,2,5.10127917591448,5.33087008009513,-1.03990211859035,-0.229590904180653,6.14118129450483,6.37077219868548,0.832105170649549,0.00308068753770414,0.00262339912260733,0,1,1
"sp|Q02563|SV2A_RAT",3,3,3,2.7850999475771,2.20362140203764,-0.56151459218459,0.581478545539458,3.34661453976169,2.76513599422223,0.03756573856461,4.91532979201031e-06,1.49871558815898e-05,1,1,1
"sp|Q05140|AP180_RAT",3,3,3,2.98280904310094,2.5682854002261,-1.00164873915352,0.414523642874839,3.98445778225446,3.56993413937962,0.304145346132476,3.72948298265128e-05,6.98650051369914e-05,0,1,1
"sp|P60203|MYPR_RAT",0,0,0,NA,NA,NA,NA,NA,NA,NA,NA,NA,0,0,0
"sp|Q07205|IF5_RAT",3,3,1,2.63193808221981,2.11889498338111,-0.151215998768783,0.513043098838702,2.78315408098859,2.27011098214989,0.124407045424255,0.00174217793266988,0.00372252476727041,0,1,1
"sp|P06686|AT1A2_RAT",3,3,3,2.26757947919753,1.68195581761895,-0.832011972169181,0.585623661578581,3.09959145136671,2.51396778978813,0.0277006909181101,4.93287834888248e-06,1.67503647388634e-05,1,1,1
"sp|Q8VHF5|CISY_RAT",0,0,0,NA,NA,NA,NA,NA,NA,NA,NA,NA,0,0,0
"sp|P42123|LDHB_RAT",0,0,0,NA,NA,NA,NA,NA,NA,NA,NA,NA,0,0,0
"sp|P62775|MTPN_RAT",0,0,0,NA,NA,NA,NA,NA,NA,NA,NA,NA,0,0,0
"sp|P06685|AT1A1_RAT",3,3,3,2.03898177981105,1.66588763964673,-2.21938072163681,0.373094140164318,4.25836250144786,3.88526836128354,0.584860512253773,0.000587968137450866,0.000956405086589947,0,1,1
"tr|F1M9V3|F1M9V3_RAT",3,3,3,2.79042785379378,2.3949855515277,-0.627612528248376,0.395442302266074,3.41804038204215,3.02259807977608,0.315348748778628,7.90258858067677e-05,0.000157888188892182,0,1,1
"tr|M0R8J3|M0R8J3_RAT",0,0,0,NA,NA,NA,NA,NA,NA,NA,NA,NA,0,0,0
"sp|P07633|PCCB_RAT",0,0,0,NA,NA,NA,NA,NA,NA,NA,NA,NA,0,0,0
"tr|A0A0G2JVM8|A0A0G2JVM8_RAT",0,0,0,NA,NA,NA,NA,NA,NA,NA,NA,NA,0,0,0
"tr|D3ZRN2|D3ZRN2_RAT",0,0,0,NA,NA,NA,NA,NA,NA,NA,NA,NA,0,0,0
"tr|D4ACF5|D4ACF5_RAT",0,0,0,NA,NA,NA,NA,NA,NA,NA,NA,NA,0,0,0
"sp|P0CI71|K0319_RAT",0,0,0,NA,NA,NA,NA,NA,NA,NA,NA,NA,0,0,0
"tr|A0A0G2JWU1|A0A0G2JWU1_RAT",3,3,1,1.63764666675738,1.36794062496392,-1.37133290747862,0.269706041793456,3.008979574236,2.73927353244255,0.372744054898134,0.00138198668252231,0.00197098363363165,0,1,1
"tr|M0R7T1|M0R7T1_RAT",0,0,0,NA,NA,NA,NA,NA,NA,NA,NA,NA,0,0,0
"tr|D3ZVQ0|D3ZVQ0_RAT",0,0,0,NA,NA,NA,NA,NA,NA,NA,NA,NA,0,0,0
"tr|D3ZQU2|D3ZQU2_RAT",3,3,3,1.92789051396707,1.53243768768362,0.288322545968229,0.395452826283451,1.63956796799884,1.24411514171539,0.420539154538807,0.0115849480275381,0.0346572584657317,0,1,1
"sp|P09951|SYN1_RAT",3,3,1,2.02718647485387,1.5361722395014,-1.95424384950559,0.491014235352467,3.98143032435946,3.49041608900699,0.217996595270954,0.00111293797447369,0.0018340714387101,0,1,1
"tr|D3ZRN3|D3ZRN3_RAT",3,3,2,2.5180498748834,2.23059638538958,-1.73751793592151,0.287453489493816,4.25556781080491,3.96811432131109,0.132925620874451,2.46793581995269e-06,3.49118428819667e-06,0,1,1
"sp|Q5I0C3|MCCA_RAT",3,3,3,2.05613560825716,1.86946363995467,1.08586007145462,0.186671968302493,0.970275536802546,0.783603568500053,0.514481534471425,0.0113697014093382,0.0270788885097228,0,1,1
"sp|Q52KK4|NAF1_RAT",0,0,0,NA,NA,NA,NA,NA,NA,NA,NA,NA,0,0,0
"sp|Q6P6V0|G6PI_RAT",3,3,3,1.97911842818368,1.38678588269008,-0.650033969186197,0.592332545493605,2.62915239736988,2.03681985187627,0.00379717130183724,9.28819740859228e-07,4.19041319409671e-06,1,1,1
"sp|Q63210|GNA12_RAT",3,3,0,3.37677438968877,3.22148483474315,NA,0.155289554945623,NA,NA,0.210537350462159,NA,NA,0,0,0
"tr|D3ZCW6|D3ZCW6_RAT",0,0,0,NA,NA,NA,NA,NA,NA,NA,NA,NA,0,0,0
"tr|F1LW77|F1LW77_RAT",3,3,3,2.69221048417276,2.45871036224692,-0.274476075255025,0.23350012192584,2.96668655942778,2.73318643750194,0.0922265855954158,2.43586880868966e-07,3.96645308782168e-07,0,1,1
"sp|Q63610|TPM3_RAT",0,0,0,NA,NA,NA,NA,NA,NA,NA,NA,NA,0,0,0
"tr|M0R8B6|M0R8B6_RAT",3,3,3,3.36766263207736,2.95475537163332,0.0752559062746087,0.412907260444044,3.29240672580275,2.87949946535871,0.0780819851447872,2.72506915275225e-06,5.98937162875976e-06,0,1,1
"tr|B2RYJ7|B2RYJ7_RAT",3,3,0,1.86966922878778,1.82277928095668,NA,0.0468899478310973,NA,NA,0.752097493158572,NA,NA,0,0,0
"sp|P09117|ALDOC_RAT",3,3,1,2.12094797476197,1.79818226485444,-0.433229669497313,0.322765709907522,2.55417764425928,2.23141193435176,0.309779535015065,0.00288488606256703,0.00473787403378154,0,1,1
"tr|A0A0G2JZ09|A0A0G2JZ09_RAT",3,3,2,2.29881284599297,1.65011099027771,-0.923584117111715,0.648701855715253,3.22239696310468,2.57369510738943,0.0554641809091086,0.000106022976601236,0.000311100110514036,0,1,1
"sp|P63329|PP2BA_RAT",0,0,0,NA,NA,NA,NA,NA,NA,NA,NA,NA,0,0,0
"sp|Q9WTT6|GUAD_RAT",0,0,0,NA,NA,NA,NA,NA,NA,NA,NA,NA,0,0,0
"tr|A0A0G2K7M1|A0A0G2K7M1_RAT",3,3,1,4.91417010688363,5.30094712853031,-1.54796584468925,-0.386777021646683,6.46213595157287,6.84891297321956,0.613551730955674,0.00295584250515207,0.00238070427926247,0,1,1
"sp|P11442|CLH1_RAT",3,3,1,2.05464222060138,1.63368040053283,-0.216166013556587,0.42096182006855,2.27080823415797,1.84984641408942,0.233707757090254,0.00590329826500538,0.012113463122577,0,1,1
"sp|Q4V7C9|NKAP_RAT",0,0,0,NA,NA,NA,NA,NA,NA,NA,NA,NA,0,0,0
"sp|Q8K4F8|CCNF_RAT",0,0,0,NA,NA,NA,NA,NA,NA,NA,NA,NA,0,0,0
"tr|A0A0G2K4F6|A0A0G2K4F6_RAT",0,0,0,NA,NA,NA,NA,NA,NA,NA,NA,NA,0,0,0
"tr|F1LMI1|F1LMI1_RAT",0,0,0,NA,NA,NA,NA,NA,NA,NA,NA,NA,0,0,0
"tr|E9PU57|E9PU57_RAT",0,0,0,NA,NA,NA,NA,NA,NA,NA,NA,NA,0,0,0
"sp|Q8R5K5|UTP11_RAT",0,0,0,NA,NA,NA,NA,NA,NA,NA,NA,NA,0,0,0
"tr|Q4KLL7|Q4KLL7_RAT",0,0,0,NA,NA,NA,NA,NA,NA,NA,NA,NA,0,0,0
"tr|A0A0G2K7N8|A0A0G2K7N8_RAT",0,0,0,NA,NA,NA,NA,NA,NA,NA,NA,NA,0,0,0
"tr|D3ZLG3|D3ZLG3_RAT",0,0,0,NA,NA,NA,NA,NA,NA,NA,NA,NA,0,0,0
"tr|D4A997|D4A997_RAT",0,0,0,NA,NA,NA,NA,NA,NA,NA,NA,NA,0,0,0
"tr|D4A8C6|D4A8C6_RAT",0,0,0,NA,NA,NA,NA,NA,NA,NA,NA,NA,0,0,0
"tr|F1LXL6|F1LXL6_RAT",0,0,0,NA,NA,NA,NA,NA,NA,NA,NA,NA,0,0,0
"tr|F1M7Z2|F1M7Z2_RAT",0,0,0,NA,NA,NA,NA,NA,NA,NA,NA,NA,0,0,0
"tr|B5DFK6|B5DFK6_RAT",0,0,0,NA,NA,NA,NA,NA,NA,NA,NA,NA,0,0,0
"tr|M0R9A9|M0R9A9_RAT",0,0,0,NA,NA,NA,NA,NA,NA,NA,NA,NA,0,0,0
"tr|E9PSR7|E9PSR7_RAT",0,0,0,NA,NA,NA,NA,NA,NA,NA,NA,NA,0,0,0
"tr|D3ZQH1|D3ZQH1_RAT",0,0,0,NA,NA,NA,NA,NA,NA,NA,NA,NA,0,0,0
"sp|Q5M9I6|MMTA2_RAT",0,0,0,NA,NA,NA,NA,NA,NA,NA,NA,NA,0,0,0
"tr|D3ZCQ7|D3ZCQ7_RAT",0,0,0,NA,NA,NA,NA,NA,NA,NA,NA,NA,0,0,0
"tr|D4A1U7|D4A1U7_RAT",0,0,0,NA,NA,NA,NA,NA,NA,NA,NA,NA,0,0,0
"sp|Q767I8|PCDA4_RAT",0,0,0,NA,NA,NA,NA,NA,NA,NA,NA,NA,0,0,0
"tr|A0A0G2K786|A0A0G2K786_RAT",0,0,0,NA,NA,NA,NA,NA,NA,NA,NA,NA,0,0,0
"tr|A0A0G2JT56|A0A0G2JT56_RAT",0,0,0,NA,NA,NA,NA,NA,NA,NA,NA,NA,0,0,0
"sp|P85107|TGS1_RAT",0,0,0,NA,NA,NA,NA,NA,NA,NA,NA,NA,0,0,0
"sp|Q5U2T8|CIR1_RAT",0,0,0,NA,NA,NA,NA,NA,NA,NA,NA,NA,0,0,0
"tr|A0A0G2K305|A0A0G2K305_RAT",0,0,0,NA,NA,NA,NA,NA,NA,NA,NA,NA,0,0,0
"sp|Q6DTM3|AHI1_RAT",0,0,0,NA,NA,NA,NA,NA,NA,NA,NA,NA,0,0,0
"tr|D4A2N0|D4A2N0_RAT",0,0,0,NA,NA,NA,NA,NA,NA,NA,NA,NA,0,0,0
"tr|F1M2T7|F1M2T7_RAT",0,0,0,NA,NA,NA,NA,NA,NA,NA,NA,NA,0,0,0
"tr|A0A0U1RRT8|A0A0U1RRT8_RAT",0,0,0,NA,NA,NA,NA,NA,NA,NA,NA,NA,0,0,0
"tr|D3ZDR9|D3ZDR9_RAT",0,0,0,NA,NA,NA,NA,NA,NA,NA,NA,NA,0,0,0
"tr|B1H269|B1H269_RAT",0,0,0,NA,NA,NA,NA,NA,NA,NA,NA,NA,0,0,0
"sp|Q4V8I5|AR6P4_RAT",0,0,0,NA,NA,NA,NA,NA,NA,NA,NA,NA,0,0,0
"tr|D3ZKG7|D3ZKG7_RAT",0,0,0,NA,NA,NA,NA,NA,NA,NA,NA,NA,0,0,0
"tr|D4A6Q6|D4A6Q6_RAT",0,0,0,NA,NA,NA,NA,NA,NA,NA,NA,NA,0,0,0
"sp|P55266|DSRAD_RAT",0,0,0,NA,NA,NA,NA,NA,NA,NA,NA,NA,0,0,0
"tr|D4A106|D4A106_RAT",0,0,0,NA,NA,NA,NA,NA,NA,NA,NA,NA,0,0,0
"tr|F1M0L3|F1M0L3_RAT",0,0,0,NA,NA,NA,NA,NA,NA,NA,NA,NA,0,0,0
"sp|P28841|NEC2_RAT",0,0,0,NA,NA,NA,NA,NA,NA,NA,NA,NA,0,0,0
"tr|F1LW22|F1LW22_RAT",0,0,0,NA,NA,NA,NA,NA,NA,NA,NA,NA,0,0,0
"tr|D3ZLC6|D3ZLC6_RAT",0,0,0,NA,NA,NA,NA,NA,NA,NA,NA,NA,0,0,0
"tr|B5DEI9|B5DEI9_RAT",0,0,0,NA,NA,NA,NA,NA,NA,NA,NA,NA,0,0,0
"tr|F1M1Q8|F1M1Q8_RAT",0,0,0,NA,NA,NA,NA,NA,NA,NA,NA,NA,0,0,0
"tr|A0A0G2K918|A0A0G2K918_RAT",0,0,0,NA,NA,NA,NA,NA,NA,NA,NA,NA,0,0,0
"tr|G3V9A3|G3V9A3_RAT",3,3,3,2.39637775980956,1.78276002888191,-0.740894192322118,0.613617730927647,3.13727195213168,2.52365422120403,0.0385050964047902,1.02362714006099e-05,3.61086429416038e-05,1,1,1
"sp|P07323|ENOG_RAT",2,3,1,1.57600500297606,0.85191239309315,-0.213769029547922,0.724092609882911,1.78977403252398,1.06568142264107,0.0507765002716289,0.0100708865649969,0.0347686521819642,0,1,1
"sp|P04905|GSTM1_RAT",3,3,1,3.00471168868815,2.62395164786263,-0.752411232588914,0.380760040825527,3.75712292127707,3.37636288045154,0.293857896792859,0.00108775943411626,0.0016330080236195,0,1,1
"sp|Q5PPJ9|SHLB2_RAT",0,0,0,NA,NA,NA,NA,NA,NA,NA,NA,NA,0,0,0
"tr|B4F7C2|B4F7C2_RAT",3,3,2,3.54238535417832,3.62171950717577,-1.00380642303306,-0.0793341529974492,4.54619177721138,4.62552593020883,0.818869303270062,6.116032489039e-05,5.62219503264196e-05,0,1,1
"sp|Q06486|KC1D_RAT",0,0,0,NA,NA,NA,NA,NA,NA,NA,NA,NA,0,0,0
"tr|M0R6Y8|M0R6Y8_RAT",0,0,0,NA,NA,NA,NA,NA,NA,NA,NA,NA,0,0,0
"sp|Q9Z2L0|VDAC1_RAT",0,0,0,NA,NA,NA,NA,NA,NA,NA,NA,NA,0,0,0
"sp|P36972|APT_RAT",0,0,0,NA,NA,NA,NA,NA,NA,NA,NA,NA,0,0,0
"sp|Q00981|UCHL1_RAT",3,3,2,2.65130476892904,2.05581603897852,-0.891546698984305,0.59548872995052,3.54285146791335,2.94736273796283,0.169447428206743,0.000362508344676466,0.000856353918040504,0,1,1
"sp|P13221|AATC_RAT",3,3,3,2.72442989301384,2.26772190587229,-0.751437065498951,0.456707987141556,3.4758669585128,3.01915897137124,0.269263509769389,8.94727434799068e-05,0.00019711221890599,0,1,1
"tr|A0A0G2K8S2|A0A0G2K8S2_RAT",3,3,3,6.03128962081336,6.42229243621522,-4.9673163016303,-0.391002815401863,10.9986059224437,11.3896087378455,0.727815007635542,5.0027054181994e-05,4.09580781935946e-05,0,1,1
"tr|M0R9E4|M0R9E4_RAT",0,0,0,NA,NA,NA,NA,NA,NA,NA,NA,NA,0,0,0
"sp|P12839|NFM_RAT",3,3,3,1.85428017292027,1.22221538141178,-0.781174433913805,0.632064791508491,2.63545460683408,2.00338981532559,0.129875836874238,0.000333033323482283,0.00143128938552373,0,1,1
"tr|A0A0G2K9J2|A0A0G2K9J2_RAT",0,0,0,NA,NA,NA,NA,NA,NA,NA,NA,NA,0,0,0
"tr|D3ZSS5|D3ZSS5_RAT",0,0,0,NA,NA,NA,NA,NA,NA,NA,NA,NA,0,0,0
"sp|P10888|COX41_RAT",3,3,1,2.41955003203068,1.86446101682288,-0.770543239130383,0.555089015207807,3.19009327116107,2.63500425595326,0.112575695421918,0.00118410482047992,0.00243725197631185,0,1,1
"tr|F1M3T3|F1M3T3_RAT",0,0,0,NA,NA,NA,NA,NA,NA,NA,NA,NA,0,0,0
"sp|O08651|SERA_RAT",3,3,2,2.03829388022393,1.74893724470264,-0.369670289989931,0.289356635521283,2.40796417021386,2.11860753469258,0.332379946363738,0.000497201023634002,0.000901437920136957,0,1,1
"sp|P54690|BCAT1_RAT",0,0,0,NA,NA,NA,NA,NA,NA,NA,NA,NA,0,0,0
"sp|Q6RUV5|RAC1_RAT",0,0,0,NA,NA,NA,NA,NA,NA,NA,NA,NA,0,0,0
"tr|Q5XI34|Q5XI34_RAT",0,0,0,NA,NA,NA,NA,NA,NA,NA,NA,NA,0,0,0
"sp|Q9JJM9|SEPT5_RAT",0,0,0,NA,NA,NA,NA,NA,NA,NA,NA,NA,0,0,0
"sp|Q80Z30|PPM1E_RAT",3,3,3,2.25894329734021,2.05712960684791,-0.665050381489745,0.201813690492301,2.92399367882996,2.72217998833766,0.785774464980346,0.00622765139855687,0.00861774985445708,0,1,1
"sp|O08839|BIN1_RAT",0,0,0,NA,NA,NA,NA,NA,NA,NA,NA,NA,0,0,0
"sp|P63039|CH60_RAT",0,0,0,NA,NA,NA,NA,NA,NA,NA,NA,NA,0,0,0
"sp|P50398|GDIA_RAT",0,0,0,NA,NA,NA,NA,NA,NA,NA,NA,NA,0,0,0
"sp|A1EC95|HEAT6_RAT",0,0,0,NA,NA,NA,NA,NA,NA,NA,NA,NA,0,0,0
"tr|Q499S6|Q499S6_RAT",0,0,0,NA,NA,NA,NA,NA,NA,NA,NA,NA,0,0,0
"sp|P21707|SYT1_RAT",2,3,0,0.742604831268006,0.753076921314353,NA,-0.0104720900463466,NA,NA,0.932413950687816,NA,NA,0,0,0
"tr|D4A981|D4A981_RAT",0,0,0,NA,NA,NA,NA,NA,NA,NA,NA,NA,0,0,0
"tr|B1WCA0|B1WCA0_RAT",0,0,0,NA,NA,NA,NA,NA,NA,NA,NA,NA,0,0,0
"sp|G3V9D0|PGLT1_RAT",3,3,2,0.87357384052621,0.506359117128391,0.377164857511709,0.367214723397819,0.496408983014501,0.129194259616682,0.416048885364887,0.332869289169008,0.791491839924129,0,0,0
"sp|O88761|PSMD1_RAT",0,0,0,NA,NA,NA,NA,NA,NA,NA,NA,NA,0,0,0
"sp|P63012|RAB3A_RAT",0,0,0,NA,NA,NA,NA,NA,NA,NA,NA,NA,0,0,0
"tr|M0RCJ5|M0RCJ5_RAT",0,0,0,NA,NA,NA,NA,NA,NA,NA,NA,NA,0,0,0
"sp|P50475|SYAC_RAT",3,3,1,2.6105762382852,2.17231253795084,-1.51611907370686,0.438263700334363,4.12669531199206,3.6884316116577,0.0811723712702159,0.000102576969931572,0.000159621299541791,0,1,1
"sp|Q63651|GRK1_RAT",0,0,0,NA,NA,NA,NA,NA,NA,NA,NA,NA,0,0,0
"sp|Q62868|ROCK2_RAT",0,0,0,NA,NA,NA,NA,NA,NA,NA,NA,NA,0,0,0
"sp|Q64057|AL7A1_RAT",0,0,0,NA,NA,NA,NA,NA,NA,NA,NA,NA,0,0,0
"sp|Q5M965|THG1_RAT",0,0,0,NA,NA,NA,NA,NA,NA,NA,NA,NA,0,0,0
"sp|Q9QUL6|NSF_RAT",3,3,0,2.23258058704804,2.25315157999775,NA,-0.0205709929497027,NA,NA,0.945800225933321,NA,NA,0,0,0
"tr|D4ABZ4|D4ABZ4_RAT",0,0,0,NA,NA,NA,NA,NA,NA,NA,NA,NA,0,0,0
"sp|Q9WVC0|SEPT7_RAT",0,0,0,NA,NA,NA,NA,NA,NA,NA,NA,NA,0,0,0
"sp|P63059|THA_RAT",0,0,0,NA,NA,NA,NA,NA,NA,NA,NA,NA,0,0,0
"tr|F1M0A0|F1M0A0_RAT",3,3,3,1.90779901495171,1.44755064973588,0.334162557954932,0.460248365215825,1.57363645699677,1.11338809178095,0.20182077909002,0.00271146235746361,0.0133570650594162,0,1,1
"sp|P61983|1433G_RAT",3,3,2,1.61724332130588,0.868578797876715,-0.310209198024541,0.748664523429161,1.92745251933042,1.17878799590126,0.116177275036684,0.00721992707635279,0.0442004098773372,0,1,1
"tr|F1LXQ7|F1LXQ7_RAT",0,0,0,NA,NA,NA,NA,NA,NA,NA,NA,NA,0,0,0
"tr|F1MAM9|F1MAM9_RAT",0,0,0,NA,NA,NA,NA,NA,NA,NA,NA,NA,0,0,0
"tr|Q7TPB3|Q7TPB3_RAT",0,0,0,NA,NA,NA,NA,NA,NA,NA,NA,NA,0,0,0
"sp|Q4V7E0|TRMO_RAT",0,0,0,NA,NA,NA,NA,NA,NA,NA,NA,NA,0,0,0
"sp|Q9Z286|ADCYA_RAT",0,0,0,NA,NA,NA,NA,NA,NA,NA,NA,NA,0,0,0
"tr|Q4VBH2|Q4VBH2_RAT",0,0,0,NA,NA,NA,NA,NA,NA,NA,NA,NA,0,0,0
"tr|E9PTN6|E9PTN6_RAT",3,3,2,3.92566531165197,4.15349800726148,-0.978282860157094,-0.227832695609513,4.90394817180906,5.13178086741858,0.772736594537574,0.00203638915583139,0.00166184073556728,0,1,1
"sp|P68511|1433F_RAT",0,0,0,NA,NA,NA,NA,NA,NA,NA,NA,NA,0,0,0
"sp|P61265|STX1B_RAT",3,3,0,2.01056964514623,1.72220470181014,NA,0.288364943336091,NA,NA,0.24675718169207,NA,NA,0,0,0
"sp|P32851|STX1A_RAT",3,3,0,2.60357117269335,2.17613717799596,NA,0.427433994697387,NA,NA,0.0201435863230786,NA,NA,1,0,0
"sp|Q5I0K3|CLYBL_RAT",0,0,0,NA,NA,NA,NA,NA,NA,NA,NA,NA,0,0,0
"sp|A1L1L7|ZN426_RAT",0,0,0,NA,NA,NA,NA,NA,NA,NA,NA,NA,0,0,0
"tr|D3ZTN0|D3ZTN0_RAT",0,0,0,NA,NA,NA,NA,NA,NA,NA,NA,NA,0,0,0
"sp|Q4V887|S39A6_RAT",0,0,0,NA,NA,NA,NA,NA,NA,NA,NA,NA,0,0,0
"sp|P39069|KAD1_RAT",3,3,2,1.88252845865541,1.17706725211502,-0.405532700453283,0.705461206540391,2.2880611591087,1.58259995256831,0.13033306320746,0.00333669349105897,0.0150814961413091,0,1,1
"sp|P19511|AT5F1_RAT",0,0,0,NA,NA,NA,NA,NA,NA,NA,NA,NA,0,0,0
"tr|D3ZTJ6|D3ZTJ6_RAT",0,0,0,NA,NA,NA,NA,NA,NA,NA,NA,NA,0,0,0
"tr|D3ZKY5|D3ZKY5_RAT",0,0,0,NA,NA,NA,NA,NA,NA,NA,NA,NA,0,0,0
"sp|Q8VHZ8|DSCAM_RAT",0,0,0,NA,NA,NA,NA,NA,NA,NA,NA,NA,0,0,0
"sp|Q6AXN9|RIBC2_RAT",0,0,0,NA,NA,NA,NA,NA,NA,NA,NA,NA,0,0,0
"sp|P62744|AP2S1_RAT",0,0,0,NA,NA,NA,NA,NA,NA,NA,NA,NA,0,0,0
"sp|P04639|APOA1_RAT",3,3,1,2.50233869213526,1.85354559997608,-0.976627365087415,0.648793092159183,3.47896605722267,2.83017296506349,0.213360616888101,0.00497332911044469,0.0103356463059071,0,1,1
"tr|A0A0G2K658|A0A0G2K658_RAT",0,0,0,NA,NA,NA,NA,NA,NA,NA,NA,NA,0,0,0
"sp|O88457|SCNBA_RAT",0,0,0,NA,NA,NA,NA,NA,NA,NA,NA,NA,0,0,0
"sp|P51650|SSDH_RAT",0,0,0,NA,NA,NA,NA,NA,NA,NA,NA,NA,0,0,0
"tr|D4ABC6|D4ABC6_RAT",3,3,0,1.83343988254245,1.6768740787125,NA,0.156565803829944,NA,NA,0.502394866072635,NA,NA,0,0,0
"sp|Q63537|SYN2_RAT",0,0,0,NA,NA,NA,NA,NA,NA,NA,NA,NA,0,0,0
"tr|F1M8R0|F1M8R0_RAT",3,3,2,2.23005374287424,1.79622107046251,-0.928087705224469,0.43383267241173,3.15814144809871,2.72430877568698,0.152596675299936,0.000109100251583854,0.000221830995822571,0,1,1
"sp|D3ZJP6|MYO10_RAT",0,0,0,NA,NA,NA,NA,NA,NA,NA,NA,NA,0,0,0
"tr|F1LUK0|F1LUK0_RAT",0,0,0,NA,NA,NA,NA,NA,NA,NA,NA,NA,0,0,0
"tr|A0A0G2JUU7|A0A0G2JUU7_RAT",0,0,0,NA,NA,NA,NA,NA,NA,NA,NA,NA,0,0,0
"tr|A0A0G2K2M0|A0A0G2K2M0_RAT",0,0,0,NA,NA,NA,NA,NA,NA,NA,NA,NA,0,0,0
"sp|P14659|HSP72_RAT",0,0,0,NA,NA,NA,NA,NA,NA,NA,NA,NA,0,0,0
"tr|D4A3U5|D4A3U5_RAT",0,0,0,NA,NA,NA,NA,NA,NA,NA,NA,NA,0,0,0
"tr|F1M4M5|F1M4M5_RAT",0,0,0,NA,NA,NA,NA,NA,NA,NA,NA,NA,0,0,0
"tr|D3ZDF3|D3ZDF3_RAT",0,0,0,NA,NA,NA,NA,NA,NA,NA,NA,NA,0,0,0
"tr|Q7TPJ4|Q7TPJ4_RAT",0,0,0,NA,NA,NA,NA,NA,NA,NA,NA,NA,0,0,0
"sp|Q62952|DPYL3_RAT",3,3,1,2.28244310526255,1.8039787920572,-0.841916779196094,0.478464313205353,3.12435988445865,2.64589557125329,0.0558319878051006,0.000248881177230555,0.000475828771815202,0,1,1
"sp|Q5U300|UBA1_RAT",0,0,0,NA,NA,NA,NA,NA,NA,NA,NA,NA,0,0,0
"sp|O70441|SYN3_RAT",3,3,0,1.90335160855814,1.55803483629949,NA,0.345316772258651,NA,NA,0.11844600863484,NA,NA,0,0,0
"tr|D4A1D3|D4A1D3_RAT",0,0,0,NA,NA,NA,NA,NA,NA,NA,NA,NA,0,0,0
"tr|F7EU61|F7EU61_RAT",0,0,0,NA,NA,NA,NA,NA,NA,NA,NA,NA,0,0,0
"sp|Q6P6G7|RLP24_RAT",0,0,0,NA,NA,NA,NA,NA,NA,NA,NA,NA,0,0,0
"sp|Q9EPB1|DPP2_RAT",0,0,0,NA,NA,NA,NA,NA,NA,NA,NA,NA,0,0,0
"tr|B2GV73|B2GV73_RAT",0,0,0,NA,NA,NA,NA,NA,NA,NA,NA,NA,0,0,0
"sp|P20759|IGHG1_RAT",0,0,0,NA,NA,NA,NA,NA,NA,NA,NA,NA,0,0,0
"sp|Q9EQX9|UBE2N_RAT",0,0,0,NA,NA,NA,NA,NA,NA,NA,NA,NA,0,0,0
"sp|O88600|HSP74_RAT",3,3,2,3.49595211656023,2.75193381347459,0.466694250254553,0.744018303085634,3.02925786630568,2.28523956322004,0.0504177467462242,0.00023741111538226,0.000891189819699873,0,1,1
"sp|O35303|DNM1L_RAT",0,0,0,NA,NA,NA,NA,NA,NA,NA,NA,NA,0,0,0
"sp|O89049|TRXR1_RAT",0,0,0,NA,NA,NA,NA,NA,NA,NA,NA,NA,0,0,0
"sp|P00406|COX2_RAT",0,0,0,NA,NA,NA,NA,NA,NA,NA,NA,NA,0,0,0
"sp|Q9Z0W5|PACN1_RAT",0,0,0,NA,NA,NA,NA,NA,NA,NA,NA,NA,0,0,0
"tr|F1LTH0|F1LTH0_RAT",0,0,0,NA,NA,NA,NA,NA,NA,NA,NA,NA,0,0,0
"sp|O35179|SH3G2_RAT",0,0,0,NA,NA,NA,NA,NA,NA,NA,NA,NA,0,0,0
"tr|D3ZJC0|D3ZJC0_RAT",0,0,0,NA,NA,NA,NA,NA,NA,NA,NA,NA,0,0,0
"sp|Q6GMN2|BAIP2_RAT",0,0,0,NA,NA,NA,NA,NA,NA,NA,NA,NA,0,0,0
"tr|B2GUZ9|B2GUZ9_RAT",0,0,0,NA,NA,NA,NA,NA,NA,NA,NA,NA,0,0,0
"tr|D3ZCX6|D3ZCX6_RAT",0,0,0,NA,NA,NA,NA,NA,NA,NA,NA,NA,0,0,0
"tr|F1LTN6|F1LTN6_RAT",3,3,1,2.26221917712332,1.9359720406562,-0.896287774403162,0.326247136467118,3.15850695152648,2.83225981505936,0.347554144772873,0.00189234436588912,0.00284498486753516,0,1,1
"sp|P25809|KCRU_RAT",3,3,0,2.30570157509599,1.86347972926771,NA,0.442221845828275,NA,NA,0.404442236893413,NA,NA,0,0,0
"sp|P12346|TRFE_RAT",0,0,0,NA,NA,NA,NA,NA,NA,NA,NA,NA,0,0,0
"sp|P97536|CAND1_RAT",0,0,0,NA,NA,NA,NA,NA,NA,NA,NA,NA,0,0,0
"tr|M0RAB8|M0RAB8_RAT",0,0,0,NA,NA,NA,NA,NA,NA,NA,NA,NA,0,0,0
"tr|F1LX07|F1LX07_RAT",0,0,0,NA,NA,NA,NA,NA,NA,NA,NA,NA,0,0,0
"tr|D3ZAP9|D3ZAP9_RAT",3,3,0,2.25966516900728,1.78428524413025,NA,0.475379924877038,NA,NA,0.230698776002803,NA,NA,0,0,0
"sp|Q6IG02|K22E_RAT",3,3,3,1.33962876969009,0.951475706010482,0.874085180615321,0.388153063679606,0.465543589074768,0.0773905253951619,0.484107591855293,0.405649461248889,0.886699839724479,0,0,0
"sp|Q91XT5|BCDO1_RAT",0,0,0,NA,NA,NA,NA,NA,NA,NA,NA,NA,0,0,0
"tr|M0R8M9|M0R8M9_RAT",3,3,1,1.94394278276118,1.75255550262684,-0.946994458603461,0.191387280134339,2.89093724136464,2.6995499612303,0.612896808841894,0.00425349524518173,0.00545319462113293,0,1,1
"sp|O35548|MMP16_RAT",3,3,0,1.96537964782625,2.15832134607444,NA,-0.192941698248186,NA,NA,0.624803902435162,NA,NA,0,0,0
"sp|Q4V7C7|ARP3_RAT",0,0,0,NA,NA,NA,NA,NA,NA,NA,NA,NA,0,0,0
"sp|P68370|TBA1A_RAT",3,3,2,4.40673394894307,4.45404991927322,-1.74487071517579,-0.0473159703301462,6.15160466411887,6.19892063444901,0.946518165110984,0.000439010402623444,0.000423466329130878,0,1,1
"sp|Q5I0D7|PEPD_RAT",0,0,0,NA,NA,NA,NA,NA,NA,NA,NA,NA,0,0,0
"tr|D3ZGY4|D3ZGY4_RAT",3,3,3,2.27628017857897,2.00940743468526,-3.07568478942708,0.266872743893713,5.35196496800605,5.08509222411233,0.414757262751843,2.18416764058271e-06,2.95278279537055e-06,0,1,1
"sp|P09811|PYGL_RAT",3,3,0,2.3858293636658,2.24455946776377,NA,0.141269895902032,NA,NA,0.5997249219274,NA,NA,0,0,0
"sp|P00884|ALDOB_RAT",3,3,3,2.07576489253268,1.56998806585334,0.646310558184715,0.505776826679336,1.42945433434796,0.923677507668626,0.187539077452001,0.00566687176693508,0.034832903967414,0,1,1
"sp|P48721|GRP75_RAT",3,3,1,2.85575416153554,2.47460547944829,0.553679960774652,0.381148682087244,2.30207420076088,1.92092551867364,0.290202043910784,0.00651057385841724,0.0122520791767397,0,1,1
"tr|D4AAL2|D4AAL2_RAT",0,0,0,NA,NA,NA,NA,NA,NA,NA,NA,NA,0,0,0
"tr|F1M943|F1M943_RAT",0,0,0,NA,NA,NA,NA,NA,NA,NA,NA,NA,0,0,0
"sp|E9PU28|IMDH2_RAT",0,0,0,NA,NA,NA,NA,NA,NA,NA,NA,NA,0,0,0
"sp|Q496Z9|TRM1L_RAT",3,3,3,1.49263778060388,1.05159545137524,-0.364046845418998,0.441042329228644,1.85668462602288,1.41564229679423,0.106726101672517,0.000205924865761613,0.000894663402813708,0,1,1
"tr|D4ADJ1|D4ADJ1_RAT",3,3,2,2.0261997759028,1.69486938922327,-2.45560687910739,0.331330386679525,4.48180665501018,4.15047626833066,0.143384536910086,4.55428741543755e-06,6.65981773730854e-06,0,1,1
"sp|Q9JHW0|PSB7_RAT",0,0,0,NA,NA,NA,NA,NA,NA,NA,NA,NA,0,0,0
"sp|O35331|PDXK_RAT",0,0,0,NA,NA,NA,NA,NA,NA,NA,NA,NA,0,0,0
"sp|P13803|ETFA_RAT",3,3,2,1.95103619171276,1.80765193895487,-1.72356417056256,0.143384252757892,3.67460036227532,3.53121610951743,0.724346056389265,0.000359854687111854,0.000434135371480088,0,1,1
"tr|D3ZMJ1|D3ZMJ1_RAT",0,0,0,NA,NA,NA,NA,NA,NA,NA,NA,NA,0,0,0
"sp|Q64686|SIA7C_RAT",0,0,0,NA,NA,NA,NA,NA,NA,NA,NA,NA,0,0,0
"tr|F1M4G6|F1M4G6_RAT",0,0,0,NA,NA,NA,NA,NA,NA,NA,NA,NA,0,0,0
"tr|Q587K3|Q587K3_RAT",0,0,0,NA,NA,NA,NA,NA,NA,NA,NA,NA,0,0,0
"sp|P62948|RL41_RAT",0,0,0,NA,NA,NA,NA,NA,NA,NA,NA,NA,0,0,0
"tr|A0A0G2JYY8|A0A0G2JYY8_RAT",3,3,3,2.57984477182816,2.26172748328036,-1.309769766631,0.318117288547801,3.88961453845916,3.57149724991136,0.503417878480777,0.000127315840370731,0.000204981786388227,0,1,1
"sp|Q62634|VGLU1_RAT",0,0,0,NA,NA,NA,NA,NA,NA,NA,NA,NA,0,0,0
"tr|A0A0G2JXE4|A0A0G2JXE4_RAT",0,0,0,NA,NA,NA,NA,NA,NA,NA,NA,NA,0,0,0
"sp|P81155|VDAC2_RAT",3,3,2,2.94911381347004,1.97350069430726,-2.14057911663443,0.975613119162778,5.08969293010447,4.11407981094169,0.0126466832409938,1.04881217986817e-05,2.98596543165637e-05,1,1,1
"tr|D3ZLP3|D3ZLP3_RAT",3,3,1,2.25568848057894,1.81291668581102,-0.352282637722796,0.442771794767914,2.60797111830173,2.16519932353382,0.0662168629021541,0.000474793123871123,0.000973312919123409,0,1,1
"tr|F1LUV1|F1LUV1_RAT",0,0,0,NA,NA,NA,NA,NA,NA,NA,NA,NA,0,0,0
"tr|M0R7V3|M0R7V3_RAT",3,3,0,2.72705295906117,1.87854997636086,NA,0.848502982700304,NA,NA,0.124035071612384,NA,NA,0,0,0
"sp|P59215|GNAO_RAT",3,3,0,2.65755066155613,2.28615005872576,NA,0.371400602830368,NA,NA,0.156134708342548,NA,NA,0,0,0
"sp|O08662|PI4KA_RAT",0,0,0,NA,NA,NA,NA,NA,NA,NA,NA,NA,0,0,0
"tr|A0A0G2KAQ9|A0A0G2KAQ9_RAT",0,0,0,NA,NA,NA,NA,NA,NA,NA,NA,NA,0,0,0
"sp|D3ZU96|UBP42_RAT",0,0,0,NA,NA,NA,NA,NA,NA,NA,NA,NA,0,0,0
"tr|A0A0G2JXD6|A0A0G2JXD6_RAT",0,0,0,NA,NA,NA,NA,NA,NA,NA,NA,NA,0,0,0
"tr|D3Z851|D3Z851_RAT",0,0,0,NA,NA,NA,NA,NA,NA,NA,NA,NA,0,0,0
"sp|D4ACN8|PLRKT_RAT",0,0,0,NA,NA,NA,NA,NA,NA,NA,NA,NA,0,0,0
"sp|Q62658|FKB1A_RAT",0,0,0,NA,NA,NA,NA,NA,NA,NA,NA,NA,0,0,0
"tr|M0R509|M0R509_RAT",0,0,0,NA,NA,NA,NA,NA,NA,NA,NA,NA,0,0,0
"sp|Q6P799|SYSC_RAT",3,3,0,1.49938832400832,1.20069625355476,NA,0.298692070453566,NA,NA,0.284698412968909,NA,NA,0,0,0
"sp|Q05695|L1CAM_RAT",0,0,0,NA,NA,NA,NA,NA,NA,NA,NA,NA,0,0,0
"tr|D3ZG35|D3ZG35_RAT",0,0,0,NA,NA,NA,NA,NA,NA,NA,NA,NA,0,0,0
"tr|A0A0G2JZX4|A0A0G2JZX4_RAT",0,0,0,NA,NA,NA,NA,NA,NA,NA,NA,NA,0,0,0
"tr|D3ZJX0|D3ZJX0_RAT",0,0,0,NA,NA,NA,NA,NA,NA,NA,NA,NA,0,0,0
"tr|D4A5I9|D4A5I9_RAT",0,0,0,NA,NA,NA,NA,NA,NA,NA,NA,NA,0,0,0
"sp|P53534|PYGB_RAT",0,0,0,NA,NA,NA,NA,NA,NA,NA,NA,NA,0,0,0
"tr|Q99MI5|Q99MI5_RAT",0,0,0,NA,NA,NA,NA,NA,NA,NA,NA,NA,0,0,0
"sp|P52296|IMB1_RAT",0,0,0,NA,NA,NA,NA,NA,NA,NA,NA,NA,0,0,0
"tr|G3V9U4|G3V9U4_RAT",0,0,0,NA,NA,NA,NA,NA,NA,NA,NA,NA,0,0,0
"sp|P60881|SNP25_RAT",3,3,1,2.45733280008064,2.13671371039798,-1.20091634237559,0.320619089682653,3.65824914245622,3.33763005277357,0.0968542303479121,6.36108755001998e-05,9.14069008452287e-05,0,1,1
"tr|A0A0G2K8A5|A0A0G2K8A5_RAT",3,3,2,2.4395222261278,2.05647923153621,2.14546784305416,0.383042994591595,0.294054383073639,-0.0889886115179568,0.74381120671155,0.821913049481818,0.945557188864206,0,0,0
"tr|A0A0G2K7Q6|A0A0G2K7Q6_RAT",0,0,0,NA,NA,NA,NA,NA,NA,NA,NA,NA,0,0,0
"tr|G3V728|G3V728_RAT",3,3,2,1.94394342093914,1.67652937106873,-1.81683401529635,0.267414049870408,3.76077743623549,3.49336338636508,0.461390253441556,0.000168482337220574,0.000239736681018441,0,1,1
"sp|Q62910|SYNJ1_RAT",0,0,0,NA,NA,NA,NA,NA,NA,NA,NA,NA,0,0,0
"sp|Q5HZV9|PP1R7_RAT",0,0,0,NA,NA,NA,NA,NA,NA,NA,NA,NA,0,0,0
"sp|P13697|MAOX_RAT",0,0,0,NA,NA,NA,NA,NA,NA,NA,NA,NA,0,0,0
"sp|P28075|PSB5_RAT",0,0,0,NA,NA,NA,NA,NA,NA,NA,NA,NA,0,0,0
"sp|P25113|PGAM1_RAT",3,3,0,1.76347859763748,1.40096358236203,NA,0.362515015275453,NA,NA,0.406552747469581,NA,NA,0,0,0
"tr|A0A0G2K8W9|A0A0G2K8W9_RAT",0,0,0,NA,NA,NA,NA,NA,NA,NA,NA,NA,0,0,0
"sp|O88767|PARK7_RAT",3,3,3,2.33200998023473,2.0765103037926,-0.910119709670634,0.255499676442129,3.24212968990537,2.98663001346324,0.535495346817131,0.000161591545367054,0.00025481839171104,0,1,1
"sp|Q5XII0|EPDR1_RAT",3,3,0,2.02977062864975,1.11704666886961,NA,0.912723959780134,NA,NA,0.0289888496768691,NA,NA,1,0,0
"sp|P19527|NFL_RAT",3,3,1,2.52793758080753,1.76316585719213,-0.676989006307107,0.764771723615407,3.20492658711464,2.44015486349923,0.00238321368295531,3.48711504039358e-05,0.000102572564279551,1,1,1
"sp|Q02589|ADPRH_RAT",0,0,0,NA,NA,NA,NA,NA,NA,NA,NA,NA,0,0,0
"sp|Q10758|K2C8_RAT",3,3,2,1.31406757042667,1.10921735047172,0.792570038646381,0.204850219954951,0.521497531780291,0.316647311825339,0.560793444092408,0.215440891088241,0.428642767332086,0,0,0
"tr|A0A0G2K7U5|A0A0G2K7U5_RAT",3,3,2,2.46996191127776,2.07385939851838,-0.759549864280713,0.396102512759379,3.22951177555847,2.83340926279909,0.194915512191878,0.000112467252374114,0.000210857887689693,0,1,1
"sp|Q63560|MAP6_RAT",3,3,1,1.81019781081113,1.48567664578813,-0.783740086691423,0.324521165022999,2.59393789750256,2.26941673247956,0.273833523881267,0.00201147524349963,0.00330955234976627,0,1,1
"sp|O35509|RB11B_RAT",0,0,0,NA,NA,NA,NA,NA,NA,NA,NA,NA,0,0,0
"sp|Q62774|MYO1A_RAT",0,0,0,NA,NA,NA,NA,NA,NA,NA,NA,NA,0,0,0
"sp|O55197|C3AR_RAT",0,0,0,NA,NA,NA,NA,NA,NA,NA,NA,NA,0,0,0
"sp|Q64559|BACH_RAT",3,3,3,2.58688702966081,2.15003848712787,0.47979511287798,0.436848542532944,2.10709191678283,1.67024337424989,0.157274270493181,0.000235184556407781,0.000827147851003931,0,1,1
"sp|P51635|AK1A1_RAT",0,0,0,NA,NA,NA,NA,NA,NA,NA,NA,NA,0,0,0
"tr|D4ACL2|D4ACL2_RAT",0,0,0,NA,NA,NA,NA,NA,NA,NA,NA,NA,0,0,0
"tr|F1LX87|F1LX87_RAT",0,0,0,NA,NA,NA,NA,NA,NA,NA,NA,NA,0,0,0
"sp|Q06645|AT5G1_RAT",3,3,2,2.40245724583145,1.23516102382906,-0.995267770025986,1.16729622200239,3.39772501585744,2.23042879385505,0.0141078472238998,0.000206453904631193,0.00147103777364838,1,1,1
"sp|Q5RKH1|PRP4B_RAT",0,0,0,NA,NA,NA,NA,NA,NA,NA,NA,NA,0,0,0
"sp|O70351|HCD2_RAT",3,3,0,2.5882741231938,2.77042733856031,NA,-0.182153215366507,NA,NA,0.310760893419204,NA,NA,0,0,0
"sp|Q8VBU2|NDRG2_RAT",3,3,3,2.54510329352382,1.86833060332645,-1.34919181768377,0.676772690197374,3.89429511120759,3.21752242101021,0.027026916702839,2.90433745889456e-06,8.90067925617556e-06,1,1,1
"sp|P25286|VPP1_RAT",0,0,0,NA,NA,NA,NA,NA,NA,NA,NA,NA,0,0,0
"tr|F1M8A7|F1M8A7_RAT",3,3,3,3.31114173655206,3.12230121068267,-1.70476467290617,0.188840525869387,5.01590640945822,4.82706588358884,0.630878249368432,1.05051782835135e-05,1.3136471179139e-05,0,1,1
"sp|P36876|2ABA_RAT",0,0,0,NA,NA,NA,NA,NA,NA,NA,NA,NA,0,0,0
"tr|A0A0G2JYR1|A0A0G2JYR1_RAT",0,0,0,NA,NA,NA,NA,NA,NA,NA,NA,NA,0,0,0
"tr|D4A628|D4A628_RAT",0,0,0,NA,NA,NA,NA,NA,NA,NA,NA,NA,0,0,0
"sp|Q4V8B0|OXR1_RAT",3,3,0,2.02613245029787,1.74115165668956,NA,0.284980793608311,NA,NA,0.496570075470016,NA,NA,0,0,0
"sp|P00564|KCRM_RAT",3,3,3,4.16882251093313,4.1268450589732,-2.08114216854673,0.0419774519599345,6.24996467947986,6.20798722751993,0.919744990582852,4.32164000212844e-06,4.4961285197322e-06,0,1,1
"tr|D3ZM69|D3ZM69_RAT",0,0,0,NA,NA,NA,NA,NA,NA,NA,NA,NA,0,0,0
"sp|Q2IBD0|ST7_RAT",0,0,0,NA,NA,NA,NA,NA,NA,NA,NA,NA,0,0,0
"sp|Q01956|KCNC3_RAT",3,3,3,2.1719315130102,1.5168999602561,1.36313009401574,0.655031552754106,0.808801418994463,0.153769866240357,0.0978537169366383,0.0519571261793912,0.661823300692785,0,0,0
"tr|D3ZVT1|D3ZVT1_RAT",0,0,0,NA,NA,NA,NA,NA,NA,NA,NA,NA,0,0,0
"tr|F7FD47|F7FD47_RAT",3,3,3,0.046974061766859,-0.667123392739092,-0.862354719590695,0.714097454505951,0.909328781357554,0.195231326851603,0.0589271968383903,0.0252018652415619,0.548229336081904,0,1,0
"tr|F1LPP8|F1LPP8_RAT",0,0,0,NA,NA,NA,NA,NA,NA,NA,NA,NA,0,0,0
"sp|Q68FU3|ETFB_RAT",0,0,0,NA,NA,NA,NA,NA,NA,NA,NA,NA,0,0,0
"sp|B5DFN2|SAHH2_RAT",0,0,0,NA,NA,NA,NA,NA,NA,NA,NA,NA,0,0,0
"tr|D3ZWL6|D3ZWL6_RAT",0,0,0,NA,NA,NA,NA,NA,NA,NA,NA,NA,0,0,0
"tr|A0A0G2JXE0|A0A0G2JXE0_RAT",0,0,0,NA,NA,NA,NA,NA,NA,NA,NA,NA,0,0,0
"sp|P49950|BCL2_RAT",0,0,0,NA,NA,NA,NA,NA,NA,NA,NA,NA,0,0,0
"tr|Q6QI43|Q6QI43_RAT",0,0,0,NA,NA,NA,NA,NA,NA,NA,NA,NA,0,0,0
"tr|D3ZKI5|D3ZKI5_RAT",0,0,0,NA,NA,NA,NA,NA,NA,NA,NA,NA,0,0,0
"tr|B2GUX8|B2GUX8_RAT",0,0,0,NA,NA,NA,NA,NA,NA,NA,NA,NA,0,0,0
"tr|D4AEP0|D4AEP0_RAT",0,0,0,NA,NA,NA,NA,NA,NA,NA,NA,NA,0,0,0
"tr|Q6AY48|Q6AY48_RAT",0,0,0,NA,NA,NA,NA,NA,NA,NA,NA,NA,0,0,0
"tr|A0A096MK15|A0A096MK15_RAT",0,0,0,NA,NA,NA,NA,NA,NA,NA,NA,NA,0,0,0
"tr|Q925A6|Q925A6_RAT",0,0,0,NA,NA,NA,NA,NA,NA,NA,NA,NA,0,0,0
"tr|D3ZSN1|D3ZSN1_RAT",0,0,0,NA,NA,NA,NA,NA,NA,NA,NA,NA,0,0,0
"sp|O55012|PICAL_RAT",0,0,0,NA,NA,NA,NA,NA,NA,NA,NA,NA,0,0,0
"tr|D4ACL8|D4ACL8_RAT",0,0,0,NA,NA,NA,NA,NA,NA,NA,NA,NA,0,0,0
"tr|A0A0G2JUG1|A0A0G2JUG1_RAT",3,3,3,1.88862977994759,1.7686726755139,0.334856540885271,0.119957104433694,1.55377323906232,1.43381613462863,0.751359290199433,0.00510908673701667,0.00740642175753811,0,1,1
"sp|Q6IG01|K2C1B_RAT",0,0,0,NA,NA,NA,NA,NA,NA,NA,NA,NA,0,0,0
"sp|P07379|PCKGC_RAT",0,0,0,NA,NA,NA,NA,NA,NA,NA,NA,NA,0,0,0
"sp|P24942|EAA1_RAT",3,3,2,2.17878927807342,1.7090224287267,-1.95528198384628,0.469766849346717,4.1340712619197,3.66430441257298,0.528385721006734,0.00311524932303827,0.00522345373844954,0,1,1
"sp|P0C5X8|TTYH1_RAT",0,0,0,NA,NA,NA,NA,NA,NA,NA,NA,NA,0,0,0
"tr|D4A3C2|D4A3C2_RAT",3,3,0,0.949844226069625,0.507365650004888,NA,0.442478576064737,NA,NA,0.555989532057984,NA,NA,0,0,0
"sp|Q5FVG6|PRR5_RAT",3,3,0,2.25961411588589,2.39420544694388,NA,-0.134591331057989,NA,NA,0.851300961721813,NA,NA,0,0,0
"sp|P19332|TAU_RAT",3,3,0,2.2115459808547,1.8368755361828,NA,0.374670444671905,NA,NA,0.575488019915058,NA,NA,0,0,0
"sp|O35095|NCDN_RAT",3,3,3,2.15518102015088,1.70091781410501,-1.7969589078259,0.45426320604587,3.95213992797678,3.49787672193091,0.208710901205627,1.80057139771863e-05,3.64340729130183e-05,0,1,1
"tr|D3ZZS8|D3ZZS8_RAT",0,0,0,NA,NA,NA,NA,NA,NA,NA,NA,NA,0,0,0
"sp|Q91ZN1|COR1A_RAT",3,3,2,2.46682562163729,2.09743364403511,-0.256599030554925,0.369391977602177,2.72342465219222,2.35403267459004,0.217582841692371,0.000242019858480723,0.000482245501850944,0,1,1
"sp|P05369|FPPS_RAT",0,0,0,NA,NA,NA,NA,NA,NA,NA,NA,NA,0,0,0
"tr|M0R757|M0R757_RAT",3,3,2,1.95809096533686,1.71802433882593,-1.14090876056016,0.240066626510927,3.09899972589701,2.85893309938609,0.248500738538477,2.32626123734494e-05,3.45338159860725e-05,0,1,1
"sp|Q62755|NR1H2_RAT",0,0,0,NA,NA,NA,NA,NA,NA,NA,NA,NA,0,0,0
"sp|Q5XHZ0|TRAP1_RAT",0,0,0,NA,NA,NA,NA,NA,NA,NA,NA,NA,0,0,0
"sp|P02466|CO1A2_RAT",0,0,0,NA,NA,NA,NA,NA,NA,NA,NA,NA,0,0,0
"tr|D3Z8P5|D3Z8P5_RAT",3,3,1,1.96141619806254,1.59521905752614,-0.11997574235343,0.366197140536406,2.08139194041597,1.71519479987957,0.171161760848431,0.0025915644599817,0.00527344731522523,0,1,1
"sp|Q6RI86|TRPA1_RAT",0,0,0,NA,NA,NA,NA,NA,NA,NA,NA,NA,0,0,0
"sp|Q9WUL0|TOP1_RAT",0,0,0,NA,NA,NA,NA,NA,NA,NA,NA,NA,0,0,0
"tr|F1LY09|F1LY09_RAT",0,0,0,NA,NA,NA,NA,NA,NA,NA,NA,NA,0,0,0
"sp|A9CMA6|TM163_RAT",0,0,0,NA,NA,NA,NA,NA,NA,NA,NA,NA,0,0,0
"sp|P17764|THIL_RAT",0,0,0,NA,NA,NA,NA,NA,NA,NA,NA,NA,0,0,0
"tr|D4A857|D4A857_RAT",0,0,0,NA,NA,NA,NA,NA,NA,NA,NA,NA,0,0,0
"sp|Q68FQ0|TCPE_RAT",3,3,1,1.97823952657661,1.69565045160164,-0.225923288069885,0.282589074974975,2.2041628146465,1.92157373967152,0.256812466877422,0.00188278963407116,0.0031424341575798,0,1,1
"sp|O70535|LIFR_RAT",0,0,0,NA,NA,NA,NA,NA,NA,NA,NA,NA,0,0,0
"sp|Q794F9|4F2_RAT",3,3,0,2.08633927384864,1.92319569623473,NA,0.163143577613905,NA,NA,0.592673664978749,NA,NA,0,0,0
"sp|P48768|NAC2_RAT",3,3,1,2.42358456889364,2.02681330266672,-0.478221488321577,0.396771266226927,2.90180605721522,2.50503479098829,0.132912398290911,0.000623593706918285,0.00109735490786361,0,1,1
"tr|M0RDF3|M0RDF3_RAT",0,0,0,NA,NA,NA,NA,NA,NA,NA,NA,NA,0,0,0
"sp|Q5RKI1|IF4A2_RAT",3,3,2,2.72808928861031,1.97737099565678,1.68266663062875,0.750718292953528,1.04542265798156,0.294704365028029,0.126508302453191,0.0714189306948859,0.548482766131051,0,0,0
"sp|Q5U216|DX39A_RAT",0,0,0,NA,NA,NA,NA,NA,NA,NA,NA,NA,0,0,0
"tr|G3V8A5|G3V8A5_RAT",0,0,0,NA,NA,NA,NA,NA,NA,NA,NA,NA,0,0,0
"sp|P49432|ODPB_RAT",0,0,0,NA,NA,NA,NA,NA,NA,NA,NA,NA,0,0,0
"sp|Q6P9T8|TBB4B_RAT",0,0,0,NA,NA,NA,NA,NA,NA,NA,NA,NA,0,0,0
"sp|P04692|TPM1_RAT",2,3,0,1.14861442317417,0.699465990563627,NA,0.449148432610538,NA,NA,0.151571316748112,NA,NA,0,0,0
"tr|F1M4T7|F1M4T7_RAT",0,0,0,NA,NA,NA,NA,NA,NA,NA,NA,NA,0,0,0
"sp|Q5BK81|PTGR2_RAT",0,0,0,NA,NA,NA,NA,NA,NA,NA,NA,NA,0,0,0
"sp|Q6AXU9|CNOT6_RAT",0,0,0,NA,NA,NA,NA,NA,NA,NA,NA,NA,0,0,0
"sp|P05708|HXK1_RAT",3,3,3,2.20974688957143,1.79907033811911,-1.43086993350336,0.41067655145232,3.64061682307479,3.22994027162247,0.347270564290402,0.000102775313198057,0.000200828797158776,0,1,1
"tr|B2RZ72|B2RZ72_RAT",0,0,0,NA,NA,NA,NA,NA,NA,NA,NA,NA,0,0,0
"sp|P47858|PFKAM_RAT",0,0,0,NA,NA,NA,NA,NA,NA,NA,NA,NA,0,0,0
"sp|P51111|HD_RAT",0,0,0,NA,NA,NA,NA,NA,NA,NA,NA,NA,0,0,0
"tr|M0R991|M0R991_RAT",0,0,0,NA,NA,NA,NA,NA,NA,NA,NA,NA,0,0,0
"sp|Q5PQV5|TPBG_RAT",0,0,0,NA,NA,NA,NA,NA,NA,NA,NA,NA,0,0,0
"sp|Q6AYK5|LYAR_RAT",0,0,0,NA,NA,NA,NA,NA,NA,NA,NA,NA,0,0,0
"tr|F1LQQ5|F1LQQ5_RAT",0,0,0,NA,NA,NA,NA,NA,NA,NA,NA,NA,0,0,0
"sp|Q62871|DC1I2_RAT",0,0,0,NA,NA,NA,NA,NA,NA,NA,NA,NA,0,0,0
"tr|D3ZXC7|D3ZXC7_RAT",0,0,0,NA,NA,NA,NA,NA,NA,NA,NA,NA,0,0,0
"tr|D3ZT01|D3ZT01_RAT",0,0,0,NA,NA,NA,NA,NA,NA,NA,NA,NA,0,0,0
"tr|D4AAI9|D4AAI9_RAT",0,0,0,NA,NA,NA,NA,NA,NA,NA,NA,NA,0,0,0
"tr|D3ZYY4|D3ZYY4_RAT",0,0,0,NA,NA,NA,NA,NA,NA,NA,NA,NA,0,0,0
"sp|Q05962|ADT1_RAT",3,3,1,1.65386424914546,1.25954287084547,-1.14488150008749,0.394321378299993,2.79874574923296,2.40442437093296,0.16024132940485,0.000986657840362979,0.00175790878130092,0,1,1
"sp|P11598|PDIA3_RAT",0,0,0,NA,NA,NA,NA,NA,NA,NA,NA,NA,0,0,0
"tr|D3ZFX4|D3ZFX4_RAT",3,3,0,2.56165028560237,2.13674995893699,NA,0.424900326665374,NA,NA,0.326965161776194,NA,NA,0,0,0
"tr|A0A0G2K6W0|A0A0G2K6W0_RAT",3,3,2,2.57295224903321,2.25630703076756,0.496061996454273,0.316645218265645,2.07689025257893,1.76024503431329,0.585920110448423,0.0189730340203779,0.0340674174875672,0,1,1
"tr|F1LZI1|F1LZI1_RAT",3,3,3,2.44135547917271,1.76520299816514,-0.554526464689218,0.676152481007574,2.99588194386193,2.31972946285436,0.0895897661096729,0.000107863147519838,0.000444149019512576,0,1,1
"sp|Q5RJQ4|SIR2_RAT",0,0,0,NA,NA,NA,NA,NA,NA,NA,NA,NA,0,0,0
"tr|D3ZE15|D3ZE15_RAT",0,0,0,NA,NA,NA,NA,NA,NA,NA,NA,NA,0,0,0
"sp|P35465|PAK1_RAT",0,0,0,NA,NA,NA,NA,NA,NA,NA,NA,NA,0,0,0
"tr|A0A0G2K1D2|A0A0G2K1D2_RAT",0,0,0,NA,NA,NA,NA,NA,NA,NA,NA,NA,0,0,0
"sp|P62944|AP2B1_RAT",0,0,0,NA,NA,NA,NA,NA,NA,NA,NA,NA,0,0,0
"tr|O88752|O88752_RAT",0,0,0,NA,NA,NA,NA,NA,NA,NA,NA,NA,0,0,0
"tr|D4AE78|D4AE78_RAT",0,0,0,NA,NA,NA,NA,NA,NA,NA,NA,NA,0,0,0
"sp|Q5XHY1|CARL3_RAT",0,0,0,NA,NA,NA,NA,NA,NA,NA,NA,NA,0,0,0
"sp|P63045|VAMP2_RAT",0,0,0,NA,NA,NA,NA,NA,NA,NA,NA,NA,0,0,0
"sp|Q63666|VAMP1_RAT",0,0,0,NA,NA,NA,NA,NA,NA,NA,NA,NA,0,0,0
"sp|Q63083|NUCB1_RAT",3,3,0,1.75144408374803,1.24144769442953,NA,0.509996389318494,NA,NA,0.0619584933422451,NA,NA,0,0,0
"sp|P09606|GLNA_RAT",0,0,0,NA,NA,NA,NA,NA,NA,NA,NA,NA,0,0,0
"tr|D3ZJ78|D3ZJ78_RAT",3,3,2,2.41420742105899,1.95357441016356,-0.593493785306029,0.460633010895436,3.00770120636502,2.54706819546958,0.0656819183225572,3.69657512078576e-05,8.30435393834173e-05,0,1,1
"sp|P18420|PSA1_RAT",3,3,0,2.09318419821956,1.85131222026307,NA,0.241871977956485,NA,NA,0.417185110529645,NA,NA,0,0,0
"sp|Q6P502|TCPG_RAT",3,3,0,1.62960311050483,1.38486249818863,NA,0.244740612316193,NA,NA,0.280316054785717,NA,NA,0,0,0
"sp|P47860|PFKAP_RAT",0,0,0,NA,NA,NA,NA,NA,NA,NA,NA,NA,0,0,0
"sp|Q5BJT7|CCD93_RAT",0,0,0,NA,NA,NA,NA,NA,NA,NA,NA,NA,0,0,0
"sp|B5DFK3|HXD9_RAT",0,0,0,NA,NA,NA,NA,NA,NA,NA,NA,NA,0,0,0
"sp|P35435|ATPG_RAT",0,0,0,NA,NA,NA,NA,NA,NA,NA,NA,NA,0,0,0
"sp|P12369|KAP3_RAT",0,0,0,NA,NA,NA,NA,NA,NA,NA,NA,NA,0,0,0
"sp|Q4FZT2|PPME1_RAT",3,3,1,1.54410777706483,1.1661590899038,-1.58103508167319,0.377948687161036,3.12514285873803,2.74719417157699,0.350326082263291,0.00348887185525591,0.00557945782462021,0,1,1
"sp|P56571|ES1_RAT",3,3,2,2.80233526056586,2.23827629132203,-0.0205297838313399,0.564058969243827,2.8228650443972,2.25880607515337,0.224612938413064,0.00159298053947283,0.00424299197096232,0,1,1
"tr|D4A164|D4A164_RAT",0,0,0,NA,NA,NA,NA,NA,NA,NA,NA,NA,0,0,0
"sp|Q6MGB6|RING1_RAT",0,0,0,NA,NA,NA,NA,NA,NA,NA,NA,NA,0,0,0
"tr|A0A0G2K0X1|A0A0G2K0X1_RAT",0,0,0,NA,NA,NA,NA,NA,NA,NA,NA,NA,0,0,0
"tr|D4ACA1|D4ACA1_RAT",0,0,0,NA,NA,NA,NA,NA,NA,NA,NA,NA,0,0,0
"tr|F1LT13|F1LT13_RAT",0,0,0,NA,NA,NA,NA,NA,NA,NA,NA,NA,0,0,0
"tr|A0A0U1RRU0|A0A0U1RRU0_RAT",0,0,0,NA,NA,NA,NA,NA,NA,NA,NA,NA,0,0,0
"sp|F1LMZ8|PSD11_RAT",0,0,0,NA,NA,NA,NA,NA,NA,NA,NA,NA,0,0,0
"sp|Q9QX01|TRPC1_RAT",3,3,0,1.24509380646858,1.20120449574892,NA,0.0438893107196563,NA,NA,0.916446759221387,NA,NA,0,0,0
"sp|Q5M7U6|ARP2_RAT",0,0,0,NA,NA,NA,NA,NA,NA,NA,NA,NA,0,0,0
"sp|Q9Z2F5|CTBP1_RAT",0,0,0,NA,NA,NA,NA,NA,NA,NA,NA,NA,0,0,0
"tr|F1LP57|F1LP57_RAT",0,0,0,NA,NA,NA,NA,NA,NA,NA,NA,NA,0,0,0
"sp|P15650|ACADL_RAT",0,0,0,NA,NA,NA,NA,NA,NA,NA,NA,NA,0,0,0
"sp|P55205|GUC2G_RAT",3,3,1,1.01950501271446,0.484308403374849,-0.558946098240759,0.535196609339608,1.57845111095522,1.04325450161561,0.164765912943297,0.0239951664698465,0.0793548519266719,0,1,0
"sp|Q5I0G4|GARS_RAT",3,3,0,2.62339773217614,2.64878127282303,NA,-0.0253835406468901,NA,NA,0.908965907791808,NA,NA,0,0,0
"sp|F1MA98|TPR_RAT",0,0,0,NA,NA,NA,NA,NA,NA,NA,NA,NA,0,0,0
"sp|Q6IFV4|K1C13_RAT",3,3,3,1.82723378732573,1.32093595120893,-0.0996568626800947,0.506297836116798,1.92689065000582,1.42059281388902,0.352664387233838,0.00862202558272458,0.0301008891420088,0,1,1
"tr|F1LMQ3|F1LMQ3_RAT",0,0,0,NA,NA,NA,NA,NA,NA,NA,NA,NA,0,0,0
"sp|P11505|AT2B1_RAT",0,0,0,NA,NA,NA,NA,NA,NA,NA,NA,NA,0,0,0
"tr|F1LZP5|F1LZP5_RAT",0,0,0,NA,NA,NA,NA,NA,NA,NA,NA,NA,0,0,0
"tr|D4A1U4|D4A1U4_RAT",0,0,0,NA,NA,NA,NA,NA,NA,NA,NA,NA,0,0,0
"tr|A0A0G2JTH9|A0A0G2JTH9_RAT",0,0,0,NA,NA,NA,NA,NA,NA,NA,NA,NA,0,0,0
"tr|A0A0G2JX92|A0A0G2JX92_RAT",0,0,0,NA,NA,NA,NA,NA,NA,NA,NA,NA,0,0,0
"sp|P52481|CAP2_RAT",0,0,0,NA,NA,NA,NA,NA,NA,NA,NA,NA,0,0,0
"sp|Q1M168|ATCAY_RAT",0,0,0,NA,NA,NA,NA,NA,NA,NA,NA,NA,0,0,0
"tr|Q5RK08|Q5RK08_RAT",3,3,1,2.5257030941802,2.85224185470748,0.117538738244743,-0.326538760527283,2.40816435593546,2.73470311646274,0.41787315911344,0.00926843995033515,0.00590980481531669,0,1,1
"tr|A0A0G2JYT9|A0A0G2JYT9_RAT",3,3,3,1.84941572112727,1.43556797594821,-0.469498622267516,0.413847745179064,2.31891434339479,1.90506659821572,0.263610540466413,0.000454192683152151,0.00128695549006755,0,1,1
"sp|P84092|AP2M1_RAT",0,0,0,NA,NA,NA,NA,NA,NA,NA,NA,NA,0,0,0
"tr|A0A0G2QC28|A0A0G2QC28_RAT",0,1,0,NA,-0.282517432733451,NA,NA,NA,NA,NA,NA,NA,0,0,0
"sp|P0DP29|CALM1_RAT",0,0,0,NA,NA,NA,NA,NA,NA,NA,NA,NA,0,0,0
"sp|P0C1X8|AAK1_RAT",0,0,0,NA,NA,NA,NA,NA,NA,NA,NA,NA,0,0,0
"tr|M0RAA8|M0RAA8_RAT",3,3,2,1.74920182538214,1.02871716276577,0.0203584877907656,0.720484662616361,1.72884333759137,1.00835867497501,0.184665088561503,0.0214551696237679,0.112171540885423,0,1,0
"tr|F1M388|F1M388_RAT",0,0,0,NA,NA,NA,NA,NA,NA,NA,NA,NA,0,0,0
"sp|P50554|GABT_RAT",3,3,2,2.06482234823515,1.74838312505866,-1.14868039689104,0.31643922317649,3.21350274512619,2.8970635219497,0.0818087557089641,6.16225624146313e-06,1.0283226716282e-05,0,1,1
"sp|O08557|DDAH1_RAT",0,0,0,NA,NA,NA,NA,NA,NA,NA,NA,NA,0,0,0
"sp|P62963|PROF1_RAT",0,0,0,NA,NA,NA,NA,NA,NA,NA,NA,NA,0,0,0
"tr|D3ZQD3|D3ZQD3_RAT",0,0,0,NA,NA,NA,NA,NA,NA,NA,NA,NA,0,0,0
"sp|Q6AY09|HNRH2_RAT",2,2,0,0.997772144739217,0.42097899945162,NA,0.576793145287597,NA,NA,0.000919216666831719,NA,NA,1,0,0
"sp|P11884|ALDH2_RAT",0,0,0,NA,NA,NA,NA,NA,NA,NA,NA,NA,0,0,0
"tr|D3ZFY8|D3ZFY8_RAT",0,0,0,NA,NA,NA,NA,NA,NA,NA,NA,NA,0,0,0
"tr|A0A0G2KB79|A0A0G2KB79_RAT",0,0,0,NA,NA,NA,NA,NA,NA,NA,NA,NA,0,0,0
"tr|Q6P3V8|Q6P3V8_RAT",0,0,0,NA,NA,NA,NA,NA,NA,NA,NA,NA,0,0,0
"tr|D3ZPZ3|D3ZPZ3_RAT",0,0,0,NA,NA,NA,NA,NA,NA,NA,NA,NA,0,0,0
"sp|Q9QYU4|CRYM_RAT",3,3,3,1.85830609415887,1.59809202887328,-0.438886164910133,0.260214065285588,2.297192259069,2.03697819378341,0.474219520370868,0.000520278487091443,0.000985757891339212,0,1,1
"sp|P04762|CATA_RAT",3,3,2,1.7389270022628,1.31834715813595,0.250912852347854,0.420579844126846,1.48801414991494,1.0674343057881,0.309443899251135,0.0159016273661187,0.0502185996169991,0,1,0
"sp|P31044|PEBP1_RAT",0,0,0,NA,NA,NA,NA,NA,NA,NA,NA,NA,0,0,0
"sp|P24329|THTR_RAT",0,0,0,NA,NA,NA,NA,NA,NA,NA,NA,NA,0,0,0
"sp|P13264|GLSK_RAT",0,0,0,NA,NA,NA,NA,NA,NA,NA,NA,NA,0,0,0
"sp|P62074|TIM10_RAT",0,0,0,NA,NA,NA,NA,NA,NA,NA,NA,NA,0,0,0
"sp|Q62951|DPYL4_RAT",0,0,0,NA,NA,NA,NA,NA,NA,NA,NA,NA,0,0,0
"sp|P24392|PEX2_RAT",0,0,0,NA,NA,NA,NA,NA,NA,NA,NA,NA,0,0,0
"sp|P22002|CAC1C_RAT",0,0,0,NA,NA,NA,NA,NA,NA,NA,NA,NA,0,0,0
"tr|A0A0G2JYL5|A0A0G2JYL5_RAT",0,0,0,NA,NA,NA,NA,NA,NA,NA,NA,NA,0,0,0
"tr|M0RC65|M0RC65_RAT",3,3,3,2.08009046976506,1.66999191617573,-0.775691024897502,0.410098553589327,2.85578149466256,2.44568294107323,0.141620328954045,2.25847398390248e-05,5.50428541690178e-05,0,1,1
"sp|P55068|PGCB_RAT",3,3,0,2.50380749375857,1.94603586864628,NA,0.55777162511229,NA,NA,0.0407184977582574,NA,NA,1,0,0
"sp|P85845|FSCN1_RAT",3,3,2,2.32090682546752,1.81042548524202,-0.199645867877825,0.510481340225502,2.52055269334535,2.01007135311985,0.0150750385242566,1.72213787584792e-05,5.21633445926074e-05,1,1,1
"sp|Q8CFG6|CA2D2_RAT",0,0,0,NA,NA,NA,NA,NA,NA,NA,NA,NA,0,0,0
"tr|D3ZPA1|D3ZPA1_RAT",0,0,0,NA,NA,NA,NA,NA,NA,NA,NA,NA,0,0,0
"sp|Q5M868|GBA2_RAT",0,0,0,NA,NA,NA,NA,NA,NA,NA,NA,NA,0,0,0
"tr|Q4QQV0|Q4QQV0_RAT",0,0,0,NA,NA,NA,NA,NA,NA,NA,NA,NA,0,0,0
"tr|D3ZYG0|D3ZYG0_RAT",0,0,0,NA,NA,NA,NA,NA,NA,NA,NA,NA,0,0,0
"sp|Q5RKI0|WDR1_RAT",0,0,0,NA,NA,NA,NA,NA,NA,NA,NA,NA,0,0,0
"sp|P09605|KCRS_RAT",0,0,0,NA,NA,NA,NA,NA,NA,NA,NA,NA,0,0,0
"tr|D3ZFA2|D3ZFA2_RAT",0,0,0,NA,NA,NA,NA,NA,NA,NA,NA,NA,0,0,0
"tr|D3ZZE0|D3ZZE0_RAT",0,0,0,NA,NA,NA,NA,NA,NA,NA,NA,NA,0,0,0
"sp|Q62696|DLG1_RAT",0,0,0,NA,NA,NA,NA,NA,NA,NA,NA,NA,0,0,0
"sp|Q68FX6|CABS1_RAT",0,0,0,NA,NA,NA,NA,NA,NA,NA,NA,NA,0,0,0
"sp|Q8R4Z9|MFN1_RAT",0,0,0,NA,NA,NA,NA,NA,NA,NA,NA,NA,0,0,0
"tr|F1LRC7|F1LRC7_RAT",0,0,0,NA,NA,NA,NA,NA,NA,NA,NA,NA,0,0,0
"tr|F1LVA4|F1LVA4_RAT",0,0,0,NA,NA,NA,NA,NA,NA,NA,NA,NA,0,0,0
"tr|A0A0G2JY62|A0A0G2JY62_RAT",0,0,0,NA,NA,NA,NA,NA,NA,NA,NA,NA,0,0,0
"tr|D3ZRL2|D3ZRL2_RAT",0,0,0,NA,NA,NA,NA,NA,NA,NA,NA,NA,0,0,0
"tr|D4ACX7|D4ACX7_RAT",0,0,0,NA,NA,NA,NA,NA,NA,NA,NA,NA,0,0,0
"tr|D4AA13|D4AA13_RAT",0,0,0,NA,NA,NA,NA,NA,NA,NA,NA,NA,0,0,0
"sp|Q7TQM4|SOAT2_RAT",3,3,2,2.50767795275329,2.60617574747069,-1.680579051228,-0.0984977947174004,4.18825700398129,4.28675479869869,0.907162110438466,0.00550911112828375,0.00499562657389898,0,1,1
